-- MySQL dump 10.13  Distrib 8.0.20, for Linux (x86_64)
--
-- Host: localhost    Database: vk_full
-- ------------------------------------------------------
-- Server version	8.0.20-0ubuntu0.20.04.1

/*!40101 SET @OLD_CHARACTER_SET_CLIENT=@@CHARACTER_SET_CLIENT */;
/*!40101 SET @OLD_CHARACTER_SET_RESULTS=@@CHARACTER_SET_RESULTS */;
/*!40101 SET @OLD_COLLATION_CONNECTION=@@COLLATION_CONNECTION */;
/*!50503 SET NAMES utf8mb4 */;
/*!40103 SET @OLD_TIME_ZONE=@@TIME_ZONE */;
/*!40103 SET TIME_ZONE='+00:00' */;
/*!40014 SET @OLD_UNIQUE_CHECKS=@@UNIQUE_CHECKS, UNIQUE_CHECKS=0 */;
/*!40014 SET @OLD_FOREIGN_KEY_CHECKS=@@FOREIGN_KEY_CHECKS, FOREIGN_KEY_CHECKS=0 */;
/*!40101 SET @OLD_SQL_MODE=@@SQL_MODE, SQL_MODE='NO_AUTO_VALUE_ON_ZERO' */;
/*!40111 SET @OLD_SQL_NOTES=@@SQL_NOTES, SQL_NOTES=0 */;

--
-- Table structure for table `communities`
--

DROP TABLE IF EXISTS `communities`;
/*!40101 SET @saved_cs_client     = @@character_set_client */;
/*!50503 SET character_set_client = utf8mb4 */;
CREATE TABLE `communities` (
  `id` int unsigned NOT NULL AUTO_INCREMENT COMMENT '╨Ш╨┤╨╡╨╜╤В╨╕╤Д╨╕╨║╨░╤В╨╛╤А ╤Б╤А╨╛╨║╨╕',
  `name` varchar(150) CHARACTER SET utf8 COLLATE utf8_unicode_ci NOT NULL COMMENT '╨Э╨░╨╖╨▓╨░╨╜╨╕╨╡ ╨│╤А╤Г╨┐╨┐╤Л',
  `created_at` datetime DEFAULT CURRENT_TIMESTAMP COMMENT '╨Т╤А╨╡╨╝╤П ╤Б╨╛╨╖╨┤╨░╨╜╨╕╤П ╤Б╤В╤А╨╛╨║╨╕',
  `updated_at` datetime DEFAULT CURRENT_TIMESTAMP ON UPDATE CURRENT_TIMESTAMP COMMENT '╨Т╤А╨╡╨╝╤П ╨╛╨▒╨╜╨╛╨▓╨╗╨╡╨╜╨╕╤П ╤Б╤В╤А╨╛╨║╨╕',
  PRIMARY KEY (`id`),
  UNIQUE KEY `name` (`name`)
) ENGINE=InnoDB AUTO_INCREMENT=101 DEFAULT CHARSET=utf8 COLLATE=utf8_unicode_ci COMMENT='╨У╤А╤Г╨┐╨┐╤Л';
/*!40101 SET character_set_client = @saved_cs_client */;

--
-- Dumping data for table `communities`
--

LOCK TABLES `communities` WRITE;
/*!40000 ALTER TABLE `communities` DISABLE KEYS */;
INSERT INTO `communities` VALUES (1,'quia','1983-12-25 18:25:29','2006-07-03 10:15:41'),(2,'quisquam','1976-02-04 07:35:49','1982-07-08 23:42:10'),(3,'a','1988-04-14 17:27:32','1981-07-31 16:01:00'),(4,'qui','1998-04-04 02:45:11','2004-10-16 13:05:34'),(5,'eos','1979-02-03 14:33:39','1970-03-31 19:04:47'),(6,'illo','1975-11-22 15:07:02','1989-11-30 08:43:55'),(7,'officiis','2015-02-13 08:29:29','2013-11-04 04:39:11'),(8,'voluptate','1985-01-02 13:14:44','2015-06-25 14:08:06'),(9,'exercitationem','1981-06-08 20:42:24','2013-01-17 05:54:08'),(10,'reprehenderit','1994-06-14 11:04:56','1999-03-01 19:39:19'),(11,'quo','2008-03-31 17:40:11','1983-07-21 05:44:23'),(12,'animi','2017-05-29 12:22:39','1989-02-07 23:12:53'),(13,'aut','1985-10-11 21:57:08','1996-08-23 19:02:59'),(14,'eveniet','2005-11-23 22:45:41','1984-05-04 06:28:14'),(15,'et','1980-09-24 02:45:28','2016-12-13 21:06:06'),(16,'rerum','1992-05-21 04:15:02','1970-07-02 06:54:55'),(17,'occaecati','2008-01-13 14:28:13','2017-10-27 10:43:16'),(18,'delectus','1977-05-17 03:32:10','2013-07-28 07:41:11'),(19,'magni','2014-09-24 21:24:11','1987-12-09 20:18:23'),(20,'est','1991-09-20 22:23:36','2012-03-04 04:48:25');
/*!40000 ALTER TABLE `communities` ENABLE KEYS */;
UNLOCK TABLES;

--
-- Table structure for table `communities_users`
--

DROP TABLE IF EXISTS `communities_users`;
/*!40101 SET @saved_cs_client     = @@character_set_client */;
/*!50503 SET character_set_client = utf8mb4 */;
CREATE TABLE `communities_users` (
  `community_id` int unsigned NOT NULL COMMENT '╨б╤Б╤Л╨╗╨║╨░ ╨╜╨░ ╨│╤А╤Г╨┐╨┐╤Г',
  `user_id` int unsigned NOT NULL COMMENT '╨б╤Б╤Л╨╗╨║╨░ ╨╜╨░ ╨┐╨╛╨╗╤М╨╖╨╛╨▓╨░╤В╨╡╨╗╤П',
  `created_at` datetime DEFAULT CURRENT_TIMESTAMP COMMENT '╨Т╤А╨╡╨╝╤П ╤Б╨╛╨╖╨┤╨░╨╜╨╕╤П ╤Б╤В╤А╨╛╨║╨╕',
  PRIMARY KEY (`community_id`,`user_id`) COMMENT '╨б╨╛╤Б╤В╨░╨▓╨╜╨╛╨╣ ╨┐╨╡╤А╨▓╨╕╤З╨╜╤Л╨╣ ╨║╨╗╤О╤З'
) ENGINE=InnoDB DEFAULT CHARSET=utf8 COLLATE=utf8_unicode_ci COMMENT='╨г╤З╨░╤Б╤В╨╜╨╕╨║╨╕ ╨│╤А╤Г╨┐╨┐, ╤Б╨▓╤П╨╖╤М ╨╝╨╡╨╢╨┤╤Г ╨┐╨╛╨╗╤М╨╖╨╛╨▓╨░╤В╨╡╨╗╤П╨╝╨╕ ╨╕ ╨│╤А╤Г╨┐╨┐╨░╨╝╨╕';
/*!40101 SET character_set_client = @saved_cs_client */;

--
-- Dumping data for table `communities_users`
--

LOCK TABLES `communities_users` WRITE;
/*!40000 ALTER TABLE `communities_users` DISABLE KEYS */;
INSERT INTO `communities_users` VALUES (1,14,'1995-01-21 16:08:05'),(1,22,'1985-11-15 23:09:01'),(1,27,'1981-12-09 07:38:03'),(1,30,'1977-05-10 18:12:29'),(1,31,'2020-06-27 13:19:10'),(1,58,'1993-01-17 22:21:28'),(1,62,'2010-04-17 17:43:06'),(1,73,'2002-04-10 23:38:43'),(2,15,'1980-11-28 05:50:15'),(2,18,'2002-06-12 21:52:35'),(2,48,'1999-01-30 21:54:30'),(2,66,'2005-07-01 19:12:16'),(2,68,'2003-01-22 07:52:58'),(2,78,'2002-08-10 19:03:07'),(2,97,'1991-12-13 07:53:17'),(3,28,'1998-12-22 15:00:03'),(3,86,'2020-07-03 10:15:20'),(3,93,'1985-12-27 22:32:04'),(3,94,'2013-08-01 12:30:10'),(4,9,'1999-10-04 20:40:28'),(4,76,'1989-06-23 05:35:11'),(4,88,'2000-06-08 23:27:27'),(5,5,'2010-05-14 20:17:22'),(5,12,'2000-06-24 01:59:02'),(5,52,'2013-05-21 10:35:30'),(5,53,'2019-08-22 12:33:39'),(5,67,'1987-09-07 04:57:41'),(5,90,'2011-09-06 18:24:04'),(5,99,'2019-08-29 01:20:06'),(6,6,'2003-06-22 16:37:39'),(6,25,'2005-02-20 06:42:11'),(6,34,'2013-10-06 07:47:51'),(6,44,'1970-08-25 02:28:15'),(6,51,'1981-10-24 00:46:15'),(6,72,'1994-02-10 12:08:43'),(6,95,'2004-09-22 13:42:10'),(7,19,'2010-06-04 18:47:37'),(7,41,'2006-05-29 08:12:23'),(7,46,'2010-09-11 21:50:15'),(7,70,'1997-01-13 13:19:40'),(7,77,'1999-04-17 21:23:10'),(8,13,'1979-06-13 11:18:09'),(8,16,'1979-11-29 11:50:19'),(8,79,'1998-12-21 21:37:40'),(9,8,'1970-10-13 07:18:23'),(9,50,'1986-06-28 03:37:14'),(9,56,'1986-12-06 07:05:53'),(9,64,'1983-06-05 19:02:13'),(9,71,'1981-11-26 16:55:33'),(9,74,'1981-03-11 19:14:17'),(10,2,'2005-12-12 01:52:44'),(10,20,'2001-06-05 06:23:59'),(10,54,'1992-10-20 12:00:29'),(10,63,'1972-08-02 16:10:54'),(10,83,'1985-08-23 12:16:06'),(11,21,'1983-01-02 00:52:37'),(11,61,'2019-12-18 18:44:08'),(11,92,'2006-08-14 01:27:52'),(11,98,'2013-05-10 11:17:29'),(12,23,'2009-03-11 01:32:45'),(12,39,'1997-08-30 02:11:57'),(12,40,'1994-06-29 00:45:49'),(13,3,'2006-07-29 20:12:25'),(13,4,'1998-09-11 18:21:28'),(13,7,'1978-08-15 15:56:20'),(13,10,'2020-01-18 07:48:44'),(13,11,'1988-12-12 07:48:23'),(13,17,'2013-06-19 02:49:50'),(13,45,'2010-08-01 16:10:29'),(13,59,'1995-06-08 17:50:32'),(13,80,'2018-05-22 02:29:42'),(14,29,'1981-01-19 09:24:07'),(14,37,'2014-12-24 08:35:44'),(14,65,'2020-03-02 00:10:56'),(15,38,'2003-04-25 10:33:38'),(15,69,'2012-08-11 06:33:07'),(15,87,'2006-03-18 23:17:19'),(15,89,'2009-07-31 16:22:54'),(15,100,'2017-06-04 20:09:04'),(16,24,'1990-12-21 12:54:51'),(16,42,'2010-04-01 04:29:25'),(16,55,'1984-12-26 17:40:51'),(17,33,'2018-08-05 19:49:08'),(17,47,'2004-09-01 23:01:45'),(17,91,'2001-08-07 06:18:05'),(18,57,'1982-01-07 12:33:40'),(18,60,'1987-06-08 05:42:15'),(18,75,'2015-01-31 06:07:37'),(18,82,'2001-10-24 02:01:41'),(18,84,'2015-08-15 18:23:08'),(19,1,'1976-02-18 16:11:57'),(19,36,'2000-03-08 14:21:39'),(19,43,'2010-04-29 20:45:13'),(19,49,'2005-12-30 02:33:00'),(19,81,'1995-12-12 09:53:47'),(20,26,'1984-04-02 22:30:59'),(20,32,'2013-02-03 17:39:06'),(20,35,'2007-11-16 11:09:27'),(20,85,'2008-03-05 01:33:26'),(20,96,'2006-09-14 18:13:06');
/*!40000 ALTER TABLE `communities_users` ENABLE KEYS */;
UNLOCK TABLES;

--
-- Table structure for table `friendship`
--

DROP TABLE IF EXISTS `friendship`;
/*!40101 SET @saved_cs_client     = @@character_set_client */;
/*!50503 SET character_set_client = utf8mb4 */;
CREATE TABLE `friendship` (
  `user_id` int unsigned NOT NULL COMMENT '╨б╤Б╤Л╨╗╨║╨░ ╨╜╨░ ╨╕╨╜╨╕╤Ж╨╕╨░╤В╨╛╤А╨░ ╨┤╤А╤Г╨╢╨╡╤Б╨║╨╕╤Е ╨╛╤В╨╜╨╛╤И╨╡╨╜╨╕╨╣',
  `friend_id` int unsigned NOT NULL COMMENT '╨б╤Б╤Л╨╗╨║╨░ ╨╜╨░ ╨┐╨╛╨╗╤Г╤З╨░╤В╨╡╨╗╤П ╨┐╤А╨╕╨│╨╗╨░╤И╨╡╨╜╨╕╤П ╨┤╤А╤Г╨╢╨╕╤В╤М',
  `status_id` int unsigned NOT NULL COMMENT '╨б╤Б╤Л╨╗╨║╨░ ╨╜╨░ ╤Б╤В╨░╤В╤Г╤Б (╤В╨╡╨║╤Г╤Й╨╡╨╡ ╤Б╨╛╤Б╤В╨╛╤П╨╜╨╕╨╡) ╨╛╤В╨╜╨╛╤И╨╡╨╜╨╕╨╣',
  `requested_at` datetime DEFAULT CURRENT_TIMESTAMP COMMENT '╨Т╤А╨╡╨╝╤П ╨╛╤В╨┐╤А╨░╨▓╨╗╨╡╨╜╨╕╤П ╨┐╤А╨╕╨│╨╗╨░╤И╨╡╨╜╨╕╤П ╨┤╤А╤Г╨╢╨╕╤В╤М',
  `confirmed_at` datetime DEFAULT NULL COMMENT '╨Т╤А╨╡╨╝╤П ╨┐╨╛╨┤╤В╨▓╨╡╤А╨╢╨┤╨╡╨╜╨╕╤П ╨┐╤А╨╕╨│╨╗╨░╤И╨╡╨╜╨╕╤П',
  `created_at` datetime DEFAULT CURRENT_TIMESTAMP COMMENT '╨Т╤А╨╡╨╝╤П ╤Б╨╛╨╖╨┤╨░╨╜╨╕╤П ╤Б╤В╤А╨╛╨║╨╕',
  `updated_at` datetime DEFAULT CURRENT_TIMESTAMP ON UPDATE CURRENT_TIMESTAMP COMMENT '╨Т╤А╨╡╨╝╤П ╨╛╨▒╨╜╨╛╨▓╨╗╨╡╨╜╨╕╤П ╤Б╤В╤А╨╛╨║╨╕',
  PRIMARY KEY (`user_id`,`friend_id`) COMMENT '╨б╨╛╤Б╤В╨░╨▓╨╜╨╛╨╣ ╨┐╨╡╤А╨▓╨╕╤З╨╜╤Л╨╣ ╨║╨╗╤О╤З'
) ENGINE=InnoDB DEFAULT CHARSET=utf8 COLLATE=utf8_unicode_ci COMMENT='╨в╨░╨▒╨╗╨╕╤Ж╨░ ╨┤╤А╤Г╨╢╨▒╤Л';
/*!40101 SET character_set_client = @saved_cs_client */;

--
-- Dumping data for table `friendship`
--

LOCK TABLES `friendship` WRITE;
/*!40000 ALTER TABLE `friendship` DISABLE KEYS */;
INSERT INTO `friendship` VALUES (1,69,3,'1997-10-15 21:59:22','2017-08-22 04:53:19','2019-08-12 22:39:55','2020-07-30 18:45:04'),(2,55,2,'1984-12-10 21:25:08','2014-02-20 12:39:01','1982-09-17 21:32:54','2020-07-30 18:45:04'),(4,33,1,'1994-12-21 10:07:10','1971-02-02 13:07:24','1995-05-21 04:33:19','2020-07-30 18:45:04'),(7,85,1,'1988-10-07 02:43:43','1980-03-24 21:04:12','2007-10-21 05:49:54','2020-07-30 18:45:04'),(8,15,2,'2017-09-26 02:59:26','2001-11-13 05:15:55','1992-07-21 12:43:55','2020-07-30 18:45:04'),(8,41,2,'2015-10-04 18:23:56','1986-04-10 04:17:39','2016-06-30 09:47:16','2020-07-30 18:45:04'),(8,51,1,'2001-06-16 17:19:39','1975-10-18 23:59:13','2010-06-03 20:01:43','2020-07-30 18:45:04'),(10,24,2,'1992-06-05 09:09:48','2006-06-16 22:15:38','1996-06-11 20:02:24','2020-07-30 18:45:04'),(10,61,2,'1974-12-27 15:51:30','2008-02-11 12:58:57','2007-03-26 18:30:10','2020-07-30 18:45:04'),(12,4,2,'1972-01-26 11:07:37','1999-09-29 09:52:56','2016-03-02 03:54:44','2020-07-30 18:45:04'),(13,92,2,'2018-05-16 20:25:28','1983-03-23 22:24:30','1978-06-01 23:01:14','2020-07-30 18:45:04'),(14,94,2,'1972-05-11 15:46:52','1974-09-25 17:08:18','2019-03-13 23:31:13','2020-07-30 18:45:04'),(15,55,3,'1980-02-03 13:21:51','1994-07-29 04:33:27','1973-11-29 22:28:19','2020-07-30 18:45:04'),(17,99,3,'2000-10-23 17:06:38','2008-03-19 02:12:40','2005-03-24 04:41:22','2020-07-30 18:45:04'),(18,1,2,'1998-02-04 13:17:58','1994-03-20 03:46:11','1996-11-04 17:41:37','2020-07-30 18:45:04'),(18,66,2,'1972-09-14 15:39:51','1970-05-22 02:37:31','1995-02-16 15:39:59','2020-07-30 18:45:04'),(19,20,2,'1978-02-05 21:49:55','2016-07-05 20:33:37','1975-06-08 17:41:29','2020-07-30 18:45:04'),(20,4,2,'2005-04-06 03:41:25','2012-06-12 06:31:24','2018-10-20 14:50:55','2020-07-30 18:45:04'),(20,96,1,'1991-04-27 15:12:44','1976-06-09 01:23:13','2006-10-20 18:23:09','2020-07-30 18:45:04'),(24,99,2,'2012-07-11 11:53:35','1987-05-29 08:31:52','1989-04-18 20:04:42','2020-07-30 18:45:04'),(26,42,3,'2010-05-11 08:24:56','2010-06-26 05:16:26','2016-06-11 09:31:44','2020-07-30 18:45:04'),(26,50,2,'2000-06-05 22:49:26','1995-06-30 20:53:39','1976-10-03 09:14:39','2020-07-30 18:45:04'),(26,58,2,'1979-12-31 12:02:06','2016-08-26 11:26:40','1970-11-19 23:12:22','2020-07-30 18:45:04'),(28,63,1,'2012-11-21 08:44:17','1982-10-20 23:34:01','2017-09-25 08:07:50','2020-07-30 18:45:04'),(30,2,1,'1997-05-23 04:43:06','1971-12-15 18:38:31','1984-08-08 12:00:57','2020-07-30 18:45:04'),(30,23,2,'1998-05-11 20:04:51','2015-06-03 00:33:33','2007-09-16 15:09:23','2020-07-30 18:45:04'),(30,42,3,'1977-01-05 02:30:28','2019-11-25 20:38:07','1970-10-19 02:01:26','2020-07-30 18:45:04'),(30,61,1,'1995-09-21 04:17:32','1995-08-24 16:27:52','1973-12-05 20:21:40','2020-07-30 18:45:04'),(30,97,3,'1972-03-10 15:12:53','1977-12-19 04:55:38','1997-11-19 20:49:46','2020-07-30 18:45:04'),(31,91,2,'1993-08-24 10:53:52','2020-06-16 12:58:28','1970-01-11 02:07:37','2020-07-30 18:45:04'),(33,71,1,'1978-09-08 17:09:11','1977-09-11 07:58:59','2012-03-22 03:59:55','2020-07-30 18:45:04'),(34,10,3,'1991-05-05 17:46:24','1995-11-21 06:47:20','2005-02-20 12:06:12','2020-07-30 18:45:04'),(40,66,3,'1978-12-23 03:06:49','1984-09-30 19:22:27','1999-07-27 06:45:27','2020-07-30 18:45:04'),(41,64,3,'1986-05-21 13:09:26','2000-07-31 05:45:31','2010-04-26 23:18:38','2020-07-30 18:45:04'),(41,99,2,'2012-02-02 04:29:27','2012-10-23 11:45:13','2000-03-11 20:27:48','2020-07-30 18:45:04'),(43,83,3,'2003-07-10 02:39:50','1976-05-16 01:15:45','1971-04-20 15:19:11','2020-07-30 18:45:04'),(44,9,2,'2002-04-03 21:37:19','1983-03-24 02:40:19','2010-02-22 02:15:36','2020-07-30 18:45:04'),(44,22,2,'1983-10-30 11:41:28','1971-04-05 03:09:57','1972-02-01 04:59:58','2020-07-30 18:45:04'),(44,58,3,'1992-12-11 21:46:32','1985-09-22 07:12:05','1994-12-15 11:43:46','2020-07-30 18:45:04'),(44,75,2,'2012-03-11 03:26:53','2007-10-07 10:03:11','1990-12-16 08:36:25','2020-07-30 18:45:04'),(44,92,3,'2002-01-01 04:21:04','1992-08-18 07:27:42','2003-04-14 01:16:30','2020-07-30 18:45:04'),(46,29,3,'2001-12-18 00:03:25','1991-06-13 19:05:10','1987-04-09 02:15:07','2020-07-30 18:45:04'),(47,4,1,'1974-04-18 00:37:39','1971-01-31 12:31:31','1997-05-07 09:04:15','2020-07-30 18:45:04'),(47,91,1,'2018-12-03 05:23:07','2009-11-07 23:48:24','2001-10-03 11:48:25','2020-07-30 18:45:04'),(48,15,2,'2014-09-16 06:39:58','1977-02-10 06:44:14','1990-07-26 23:41:53','2020-07-30 18:45:04'),(48,84,3,'2012-08-12 18:46:59','2012-08-21 22:22:04','1974-01-08 17:49:41','2020-07-30 18:45:04'),(49,45,2,'1974-07-04 16:35:11','1994-04-10 19:18:51','1972-07-21 23:48:36','2020-07-30 18:33:12'),(50,3,1,'1981-11-02 07:16:57','2017-08-16 10:20:50','1986-08-28 16:13:13','2020-07-30 18:45:04'),(50,6,1,'2008-10-07 23:50:50','2008-02-20 23:57:55','1971-06-05 21:20:48','2020-07-30 18:45:04'),(51,96,3,'2016-02-11 02:52:26','2004-03-17 14:38:19','2018-02-20 21:45:59','2020-07-30 18:45:04'),(52,29,2,'1983-01-17 22:45:08','1974-06-30 03:18:45','1984-10-13 13:27:35','2020-07-30 18:45:04'),(52,45,3,'2010-12-06 01:26:23','2012-08-09 11:21:21','2016-04-06 06:13:06','2020-07-30 18:45:04'),(52,62,1,'1980-04-09 10:52:30','2003-05-21 08:14:44','2017-04-02 01:09:47','2020-07-30 18:45:04'),(52,81,2,'2006-06-30 18:19:40','2005-06-15 02:20:13','1979-06-19 04:17:58','2020-07-30 18:33:12'),(54,11,2,'1981-06-07 14:43:30','1975-10-06 10:49:59','2019-08-09 12:58:26','2020-07-30 18:45:04'),(54,42,2,'1984-09-18 07:15:33','1982-06-05 21:45:59','1973-03-11 21:20:07','2020-07-30 18:45:04'),(54,83,2,'1998-05-03 04:29:45','1986-04-12 01:22:02','2006-04-18 10:13:35','2020-07-30 18:45:04'),(54,89,3,'1994-10-02 08:05:19','1987-01-17 03:53:11','1975-05-26 03:22:08','2020-07-30 18:45:04'),(56,7,3,'1994-12-25 18:23:10','1974-05-25 23:15:49','1990-03-29 12:03:30','2020-07-30 18:45:04'),(56,66,2,'1976-06-02 14:44:48','1986-08-10 17:58:43','1999-07-01 07:14:31','2020-07-30 18:45:04'),(58,97,1,'1985-04-21 17:10:50','1983-06-29 17:53:34','1976-06-08 02:14:44','2020-07-30 18:45:04'),(60,27,2,'1978-01-31 07:54:06','1971-08-28 23:33:29','1984-09-02 15:17:15','2020-07-30 18:45:04'),(60,86,1,'1973-01-18 15:54:21','1984-05-22 10:42:34','1987-08-11 09:12:35','2020-07-30 18:45:04'),(61,75,3,'1977-01-22 11:36:53','1971-07-26 16:17:10','1977-04-03 04:04:01','2020-07-30 18:45:04'),(62,9,3,'1997-03-17 22:00:32','2009-08-10 18:10:31','2015-06-22 04:11:15','2020-07-30 18:45:04'),(64,54,2,'1975-07-09 16:45:33','2007-05-08 09:11:51','2013-10-01 02:32:02','2020-07-30 18:45:04'),(65,14,2,'1982-03-31 15:07:22','1975-10-28 19:30:23','1976-10-24 18:58:28','2020-07-30 18:45:04'),(66,87,3,'2002-08-24 03:44:16','2013-06-19 05:13:18','1998-01-05 00:45:16','2020-07-30 18:45:04'),(68,19,2,'1993-01-14 05:33:31','2016-12-29 23:56:44','2002-12-02 01:04:36','2020-07-30 18:45:04'),(68,63,2,'2012-06-27 00:04:51','2013-05-09 20:25:55','1978-11-16 15:27:24','2020-07-30 18:45:04'),(70,51,1,'2001-12-24 04:29:30','2014-06-23 16:48:36','2012-03-22 17:49:39','2020-07-30 18:45:04'),(70,85,2,'1984-08-06 15:42:31','1987-09-15 09:08:10','2010-12-18 00:54:49','2020-07-30 18:45:04'),(72,22,1,'1977-06-21 04:35:51','1974-03-20 12:22:10','2011-07-08 06:12:49','2020-07-30 18:45:04'),(73,12,2,'1978-08-11 01:18:39','2019-06-05 04:40:17','1978-11-26 05:35:34','2020-07-30 18:45:04'),(75,32,1,'1993-03-06 15:30:46','1994-07-27 22:19:43','1992-12-21 08:29:44','2020-07-30 18:45:04'),(75,76,1,'1985-11-02 02:59:03','1995-01-05 04:50:44','1993-06-12 15:27:40','2020-07-30 18:45:04'),(76,14,1,'2012-09-13 07:33:32','2016-08-31 18:48:08','2006-01-12 00:49:25','2020-07-30 18:45:04'),(76,43,1,'2003-08-19 12:40:01','1985-09-02 22:10:10','2012-05-09 11:48:12','2020-07-30 18:33:12'),(76,98,3,'2006-06-06 09:17:30','2008-12-02 04:50:48','1988-08-30 18:46:44','2020-07-30 18:45:04'),(78,22,3,'1997-11-02 04:37:09','1984-03-18 11:18:55','1994-08-01 10:54:05','2020-07-30 18:45:04'),(78,25,3,'1998-03-05 17:05:09','2015-12-08 10:53:07','1980-11-20 00:36:53','2020-07-30 18:45:04'),(78,37,2,'1998-03-03 00:45:33','1991-10-03 23:20:46','2006-01-11 14:58:00','2020-07-30 18:45:04'),(78,77,3,'1980-06-09 05:38:58','1972-08-09 09:55:01','1974-09-21 19:36:36','2020-07-30 18:45:04'),(80,77,2,'1992-08-04 00:51:13','1974-02-24 18:03:32','1978-03-15 08:40:49','2020-07-30 18:45:04'),(80,81,1,'1979-07-04 14:54:38','1971-11-13 13:35:08','1970-12-27 21:11:39','2020-07-30 18:45:04'),(81,37,1,'2013-02-06 00:52:07','2013-08-26 03:13:25','1978-02-17 07:19:06','2020-07-30 18:45:04'),(84,9,3,'1975-10-25 15:50:07','1983-08-11 00:31:39','1985-04-22 01:00:43','2020-07-30 18:45:04'),(86,1,2,'1994-05-17 07:25:35','2018-08-19 12:03:31','2012-06-18 22:14:16','2020-07-30 18:45:04'),(86,12,1,'2020-05-29 05:04:21','2012-12-30 13:54:49','2011-01-16 12:57:35','2020-07-30 18:45:04'),(88,81,3,'1999-02-09 16:59:20','1971-02-13 21:01:08','1989-09-09 19:48:12','2020-07-30 18:45:04'),(89,92,3,'1975-02-19 05:49:27','1986-02-15 03:43:33','2000-07-10 03:25:22','2020-07-30 18:45:04'),(90,76,3,'2004-05-01 02:35:01','1987-05-04 06:47:15','2013-05-08 07:37:58','2020-07-30 18:45:04'),(92,25,3,'2020-04-07 21:05:22','2002-12-22 12:56:14','2002-08-11 19:29:13','2020-07-30 18:45:04'),(92,86,1,'2001-07-05 00:40:20','1987-04-01 16:17:39','1999-01-31 12:01:50','2020-07-30 18:45:04'),(93,41,1,'1973-08-15 11:04:33','2013-06-27 03:23:56','2004-09-03 19:40:43','2020-07-30 18:45:04'),(93,73,2,'1981-01-11 16:52:09','2006-07-15 18:37:29','2015-01-27 05:37:45','2020-07-30 18:45:04'),(93,89,3,'1988-01-15 06:28:39','2013-03-12 22:51:28','1982-10-05 07:08:35','2020-07-30 18:45:04'),(94,2,3,'1996-07-01 01:34:21','1973-07-25 23:13:02','1989-12-08 17:55:58','2020-07-30 18:45:04'),(94,39,3,'2012-10-19 19:55:06','1978-10-29 23:30:32','1993-02-06 06:27:26','2020-07-30 18:45:04'),(97,92,3,'1987-07-28 06:03:43','1983-03-31 11:06:51','1983-02-02 19:26:36','2020-07-30 18:45:04');
/*!40000 ALTER TABLE `friendship` ENABLE KEYS */;
UNLOCK TABLES;

--
-- Table structure for table `friendship_statuses`
--

DROP TABLE IF EXISTS `friendship_statuses`;
/*!40101 SET @saved_cs_client     = @@character_set_client */;
/*!50503 SET character_set_client = utf8mb4 */;
CREATE TABLE `friendship_statuses` (
  `id` int unsigned NOT NULL AUTO_INCREMENT COMMENT '╨Ш╨┤╨╡╨╜╤В╨╕╤Д╨╕╨║╨░╤В╨╛╤А ╤Б╤В╤А╨╛╨║╨╕',
  `name` varchar(150) CHARACTER SET utf8 COLLATE utf8_unicode_ci NOT NULL COMMENT '╨Э╨░╨╖╨▓╨░╨╜╨╕╨╡ ╤Б╤В╨░╤В╤Г╤Б╨░',
  `created_at` datetime DEFAULT CURRENT_TIMESTAMP COMMENT '╨Т╤А╨╡╨╝╤П ╤Б╨╛╨╖╨┤╨░╨╜╨╕╤П ╤Б╤В╤А╨╛╨║╨╕',
  `updated_at` datetime DEFAULT CURRENT_TIMESTAMP ON UPDATE CURRENT_TIMESTAMP COMMENT '╨Т╤А╨╡╨╝╤П ╨╛╨▒╨╜╨╛╨▓╨╗╨╡╨╜╨╕╤П ╤Б╤В╤А╨╛╨║╨╕',
  PRIMARY KEY (`id`),
  UNIQUE KEY `name` (`name`)
) ENGINE=InnoDB AUTO_INCREMENT=4 DEFAULT CHARSET=utf8 COLLATE=utf8_unicode_ci COMMENT='╨б╤В╨░╤В╤Г╤Б╤Л ╨┤╤А╤Г╨╢╨▒╤Л';
/*!40101 SET character_set_client = @saved_cs_client */;

--
-- Dumping data for table `friendship_statuses`
--

LOCK TABLES `friendship_statuses` WRITE;
/*!40000 ALTER TABLE `friendship_statuses` DISABLE KEYS */;
INSERT INTO `friendship_statuses` VALUES (1,'Requested','2020-07-30 18:44:09','2020-07-30 18:44:09'),(2,'Confirmed','2020-07-30 18:44:09','2020-07-30 18:44:09'),(3,'Rejected','2020-07-30 18:44:09','2020-07-30 18:44:09');
/*!40000 ALTER TABLE `friendship_statuses` ENABLE KEYS */;
UNLOCK TABLES;

--
-- Table structure for table `media`
--

DROP TABLE IF EXISTS `media`;
/*!40101 SET @saved_cs_client     = @@character_set_client */;
/*!50503 SET character_set_client = utf8mb4 */;
CREATE TABLE `media` (
  `id` int unsigned NOT NULL AUTO_INCREMENT COMMENT '╨Ш╨┤╨╡╨╜╤В╨╕╤Д╨╕╨║╨░╤В╨╛╤А ╤Б╤В╤А╨╛╨║╨╕',
  `user_id` int unsigned NOT NULL COMMENT '╨б╤Б╤Л╨╗╨║╨░ ╨╜╨░ ╨┐╨╛╨╗╤М╨╖╨╛╨▓╨░╤В╨╡╨╗╤П, ╨║╨╛╤В╨╛╤А╤Л╨╣ ╨╖╨░╨│╤А╤Г╨╖╨╕╨╗ ╤Д╨░╨╣╨╗',
  `filename` varchar(255) CHARACTER SET utf8 COLLATE utf8_unicode_ci NOT NULL COMMENT '╨Я╤Г╤В╤М ╨║ ╤Д╨░╨╣╨╗╤Г',
  `size` int NOT NULL COMMENT '╨а╨░╨╖╨╝╨╡╤А ╤Д╨░╨╣╨╗╨░',
  `metadata` json DEFAULT NULL,
  `media_type_id` int unsigned NOT NULL COMMENT '╨б╤Б╤Л╨╗╨║╨░ ╨╜╨░ ╤В╨╕╨┐ ╨║╨╛╨╜╤В╨╡╨╜╤В╨░',
  `created_at` datetime DEFAULT CURRENT_TIMESTAMP COMMENT '╨Т╤А╨╡╨╝╤П ╤Б╨╛╨╖╨┤╨░╨╜╨╕╤П ╤Б╤В╤А╨╛╨║╨╕',
  `updated_at` datetime DEFAULT CURRENT_TIMESTAMP ON UPDATE CURRENT_TIMESTAMP COMMENT '╨Т╤А╨╡╨╝╤П ╨╛╨▒╨╜╨╛╨▓╨╗╨╡╨╜╨╕╤П ╤Б╤В╤А╨╛╨║╨╕',
  PRIMARY KEY (`id`),
  CONSTRAINT `media_chk_1` CHECK (json_valid(`metadata`))
) ENGINE=InnoDB AUTO_INCREMENT=101 DEFAULT CHARSET=utf8 COLLATE=utf8_unicode_ci COMMENT='╨Ь╨╡╨┤╨╕╨░╤Д╨░╨╣╨╗╤Л';
/*!40101 SET character_set_client = @saved_cs_client */;

--
-- Dumping data for table `media`
--

LOCK TABLES `media` WRITE;
/*!40000 ALTER TABLE `media` DISABLE KEYS */;
INSERT INTO `media` VALUES (1,11,'http://dropbox/vk/voluptas.jpeg',360034,'{\"owner\": \"Fletcher Keebler\"}',3,'1993-05-08 16:55:28','2020-07-30 18:28:57'),(2,11,'http://dropbox/vk/recusandae.jpeg',76456929,'{\"owner\": \"Fletcher Keebler\"}',1,'1984-04-12 14:34:11','2020-07-30 18:28:57'),(3,100,'http://dropbox/vk/incidunt.png',152311,'{\"owner\": \"Moises Goldner\"}',2,'2005-06-13 02:51:53','2020-07-30 18:28:57'),(4,94,'http://dropbox/vk/exercitationem.png',66826,'{\"owner\": \"Loma Purdy\"}',3,'1980-07-09 13:56:23','2020-07-30 18:28:57'),(5,91,'http://dropbox/vk/quos.mpeg',93481470,'{\"owner\": \"Keanu Satterfield\"}',3,'2019-01-07 07:50:36','2020-07-30 18:28:57'),(6,83,'http://dropbox/vk/temporibus.mpeg',6184,'{\"owner\": \"Myriam Ledner\"}',1,'1997-04-14 12:49:07','2020-07-30 18:28:57'),(7,49,'http://dropbox/vk/ipsa.jpeg',4863201,'{\"owner\": \"Helen Herzog\"}',1,'1986-12-18 16:27:35','2020-07-30 18:28:57'),(8,88,'http://dropbox/vk/sed.png',671456,'{\"owner\": \"Halie Conroy\"}',3,'1973-08-16 12:59:21','2020-07-30 18:28:57'),(9,24,'http://dropbox/vk/aliquam.png',993600,'{\"owner\": \"Laury Murazik\"}',3,'1993-06-21 18:36:59','2020-07-30 18:28:57'),(10,56,'http://dropbox/vk/velit.mpeg',890344,'{\"owner\": \"Daphne Oberbrunner\"}',3,'2003-07-24 06:29:01','2020-07-30 18:28:57'),(11,53,'http://dropbox/vk/voluptas.png',427352,'{\"owner\": \"Isaias Brekke\"}',1,'2008-03-29 19:16:18','2020-07-30 18:28:57'),(12,92,'http://dropbox/vk/delectus.avi',455732,'{\"owner\": \"Kim Murazik\"}',3,'2015-03-24 19:17:22','2020-07-30 18:28:57'),(13,73,'http://dropbox/vk/et.avi',986602,'{\"owner\": \"Brianne Cummings\"}',3,'1971-10-20 07:28:03','2020-07-30 18:28:57'),(14,59,'http://dropbox/vk/sapiente.jpeg',96682,'{\"owner\": \"Marquis Waters\"}',3,'1984-07-30 21:34:07','2020-07-30 18:28:57'),(15,59,'http://dropbox/vk/et.mpeg',7306,'{\"owner\": \"Marquis Waters\"}',1,'1998-10-26 13:05:28','2020-07-30 18:28:57'),(16,80,'http://dropbox/vk/exercitationem.avi',555815,'{\"owner\": \"Twila Gutmann\"}',3,'1981-11-22 06:12:54','2020-07-30 18:28:57'),(17,93,'http://dropbox/vk/facilis.avi',7681483,'{\"owner\": \"Brayan Quitzon\"}',3,'2014-10-28 21:37:50','2020-07-30 18:28:57'),(18,39,'http://dropbox/vk/fugit.mpeg',809271,'{\"owner\": \"Clinton Kub\"}',1,'1974-03-20 00:35:01','2020-07-30 18:28:57'),(19,100,'http://dropbox/vk/unde.png',350940,'{\"owner\": \"Moises Goldner\"}',3,'2006-01-06 20:29:32','2020-07-30 18:28:57'),(20,40,'http://dropbox/vk/quia.png',368911,'{\"owner\": \"Christa Cartwright\"}',2,'2017-04-01 09:02:15','2020-07-30 18:28:57'),(21,52,'http://dropbox/vk/repudiandae.mpeg',406743,'{\"owner\": \"Augustine Stehr\"}',2,'1978-06-18 17:58:33','2020-07-30 18:28:57'),(22,28,'http://dropbox/vk/ratione.jpeg',916980,'{\"owner\": \"Alia Sporer\"}',3,'2016-04-14 16:03:48','2020-07-30 18:28:57'),(23,63,'http://dropbox/vk/consequuntur.mpeg',385658,'{\"owner\": \"Cydney Dicki\"}',2,'2015-04-26 02:49:46','2020-07-30 18:28:57'),(24,37,'http://dropbox/vk/nemo.avi',80870,'{\"owner\": \"Pierce Wintheiser\"}',2,'2012-12-05 17:29:40','2020-07-30 18:28:57'),(25,41,'http://dropbox/vk/et.jpeg',18432293,'{\"owner\": \"Estevan Sawayn\"}',3,'1996-12-07 00:31:06','2020-07-30 18:28:57'),(26,45,'http://dropbox/vk/sequi.mpeg',717324351,'{\"owner\": \"Meghan Rohan\"}',2,'1973-10-13 17:38:28','2020-07-30 18:28:57'),(27,76,'http://dropbox/vk/minus.png',354673,'{\"owner\": \"Zander Lockman\"}',1,'2008-05-14 04:30:40','2020-07-30 18:28:57'),(28,35,'http://dropbox/vk/aut.mpeg',12423,'{\"owner\": \"Titus Haag\"}',1,'1990-03-13 10:46:05','2020-07-30 18:28:57'),(29,69,'http://dropbox/vk/sit.mpeg',8532911,'{\"owner\": \"Angel Turner\"}',2,'1988-02-04 20:00:46','2020-07-30 18:28:57'),(30,3,'http://dropbox/vk/consequatur.png',60224,'{\"owner\": \"Velda Runte\"}',2,'2009-04-13 06:34:56','2020-07-30 18:28:57'),(31,23,'http://dropbox/vk/doloremque.png',988100,'{\"owner\": \"Octavia Spencer\"}',3,'2010-08-07 08:45:26','2020-07-30 18:28:57'),(32,12,'http://dropbox/vk/ea.jpeg',893230,'{\"owner\": \"Celestino McClure\"}',2,'1984-08-24 02:42:50','2020-07-30 18:28:57'),(33,18,'http://dropbox/vk/sequi.jpeg',39586,'{\"owner\": \"Rene Jacobson\"}',3,'2005-09-24 06:16:02','2020-07-30 18:28:57'),(34,35,'http://dropbox/vk/fugiat.png',8340,'{\"owner\": \"Titus Haag\"}',1,'1987-10-26 01:44:55','2020-07-30 18:28:57'),(35,2,'http://dropbox/vk/culpa.png',745274,'{\"owner\": \"Georgette Fay\"}',1,'1995-11-26 06:27:55','2020-07-30 18:28:57'),(36,20,'http://dropbox/vk/debitis.avi',94968044,'{\"owner\": \"Percival Kiehn\"}',2,'1977-02-07 01:03:00','2020-07-30 18:28:57'),(37,51,'http://dropbox/vk/omnis.mpeg',491850,'{\"owner\": \"Nigel Bartell\"}',2,'1986-05-29 14:43:54','2020-07-30 18:28:57'),(38,82,'http://dropbox/vk/non.png',50710150,'{\"owner\": \"Margarita Runolfsson\"}',2,'1977-02-17 18:10:09','2020-07-30 18:28:57'),(39,88,'http://dropbox/vk/distinctio.mpeg',652661,'{\"owner\": \"Halie Conroy\"}',1,'1989-01-12 04:43:15','2020-07-30 18:28:57'),(40,43,'http://dropbox/vk/aspernatur.avi',63601,'{\"owner\": \"Joanie Wisoky\"}',1,'1988-06-20 19:20:26','2020-07-30 18:28:57'),(41,7,'http://dropbox/vk/aliquid.avi',68654,'{\"owner\": \"Ophelia Herman\"}',2,'1990-05-13 01:23:37','2020-07-30 18:28:57'),(42,49,'http://dropbox/vk/asperiores.jpeg',3488230,'{\"owner\": \"Helen Herzog\"}',3,'1988-09-10 13:10:11','2020-07-30 18:28:57'),(43,65,'http://dropbox/vk/nesciunt.avi',7491,'{\"owner\": \"Rebeka Pfeffer\"}',2,'1990-02-01 08:47:34','2020-07-30 18:28:57'),(44,94,'http://dropbox/vk/distinctio.png',24252,'{\"owner\": \"Loma Purdy\"}',2,'1992-04-09 16:08:32','2020-07-30 18:28:57'),(45,95,'http://dropbox/vk/quo.avi',769563,'{\"owner\": \"Fannie Leuschke\"}',2,'1986-04-18 08:05:33','2020-07-30 18:28:57'),(46,60,'http://dropbox/vk/voluptates.png',293155,'{\"owner\": \"Loren Paucek\"}',1,'2010-02-02 22:25:30','2020-07-30 18:28:57'),(47,69,'http://dropbox/vk/sapiente.mpeg',362264,'{\"owner\": \"Angel Turner\"}',3,'2015-10-21 00:55:10','2020-07-30 18:28:57'),(48,70,'http://dropbox/vk/cum.mpeg',6009885,'{\"owner\": \"Verlie Wilkinson\"}',2,'2001-11-27 15:12:39','2020-07-30 18:28:57'),(49,8,'http://dropbox/vk/qui.png',2259322,'{\"owner\": \"Luther Schmeler\"}',2,'2010-09-06 22:18:34','2020-07-30 18:28:57'),(50,17,'http://dropbox/vk/qui.png',99042,'{\"owner\": \"Violet Walker\"}',1,'2011-08-15 00:38:25','2020-07-30 18:28:57'),(51,43,'http://dropbox/vk/sed.jpeg',410865,'{\"owner\": \"Joanie Wisoky\"}',2,'2007-01-03 19:21:18','2020-07-30 18:28:57'),(52,68,'http://dropbox/vk/quos.png',492631,'{\"owner\": \"Louie Predovic\"}',2,'1989-10-18 03:36:34','2020-07-30 18:28:57'),(53,1,'http://dropbox/vk/numquam.png',341917986,'{\"owner\": \"Candido Gislason\"}',1,'1985-03-07 09:18:32','2020-07-30 18:28:57'),(54,92,'http://dropbox/vk/vel.jpeg',415565,'{\"owner\": \"Kim Murazik\"}',2,'2001-03-12 13:09:44','2020-07-30 18:28:57'),(55,46,'http://dropbox/vk/dolores.jpeg',366365,'{\"owner\": \"Kaya Schulist\"}',2,'2016-03-06 22:01:43','2020-07-30 18:28:57'),(56,46,'http://dropbox/vk/et.jpeg',3788412,'{\"owner\": \"Kaya Schulist\"}',3,'2015-06-11 12:34:44','2020-07-30 18:28:57'),(57,58,'http://dropbox/vk/omnis.mpeg',62110943,'{\"owner\": \"Gardner Leffler\"}',2,'1991-07-07 08:19:48','2020-07-30 18:28:57'),(58,84,'http://dropbox/vk/sed.png',6841412,'{\"owner\": \"Kianna Mayer\"}',3,'1986-12-14 08:40:30','2020-07-30 18:28:57'),(59,59,'http://dropbox/vk/labore.jpeg',343932,'{\"owner\": \"Marquis Waters\"}',1,'2009-08-07 11:05:42','2020-07-30 18:28:57'),(60,65,'http://dropbox/vk/ducimus.avi',547474,'{\"owner\": \"Rebeka Pfeffer\"}',3,'2015-03-21 17:37:07','2020-07-30 18:28:57'),(61,99,'http://dropbox/vk/eos.avi',98528703,'{\"owner\": \"Janet Schaden\"}',2,'1971-03-08 06:40:14','2020-07-30 18:28:57'),(62,83,'http://dropbox/vk/quo.mpeg',65110880,'{\"owner\": \"Myriam Ledner\"}',1,'2002-10-05 20:27:19','2020-07-30 18:28:57'),(63,94,'http://dropbox/vk/voluptatum.jpeg',2513,'{\"owner\": \"Loma Purdy\"}',3,'1982-07-12 11:59:45','2020-07-30 18:28:57'),(64,24,'http://dropbox/vk/alias.mpeg',610564,'{\"owner\": \"Laury Murazik\"}',2,'1999-11-13 18:52:09','2020-07-30 18:28:57'),(65,8,'http://dropbox/vk/asperiores.jpeg',7677,'{\"owner\": \"Luther Schmeler\"}',2,'1989-01-01 10:15:41','2020-07-30 18:28:57'),(66,24,'http://dropbox/vk/eos.png',11024,'{\"owner\": \"Laury Murazik\"}',1,'1994-07-01 05:51:29','2020-07-30 18:28:57'),(67,76,'http://dropbox/vk/qui.jpeg',213428,'{\"owner\": \"Zander Lockman\"}',1,'1986-05-14 10:31:25','2020-07-30 18:28:57'),(68,19,'http://dropbox/vk/voluptas.jpeg',24072,'{\"owner\": \"Pattie King\"}',3,'1980-02-21 13:35:25','2020-07-30 18:28:57'),(69,76,'http://dropbox/vk/ut.avi',1637463,'{\"owner\": \"Zander Lockman\"}',1,'2006-08-16 03:19:15','2020-07-30 18:28:57'),(70,64,'http://dropbox/vk/rerum.png',470073,'{\"owner\": \"Antwan Moore\"}',3,'1976-07-10 13:14:07','2020-07-30 18:28:57'),(71,22,'http://dropbox/vk/ut.mpeg',268153,'{\"owner\": \"Nicolette Mosciski\"}',1,'1991-10-08 10:07:09','2020-07-30 18:28:57'),(72,46,'http://dropbox/vk/nam.mpeg',87756,'{\"owner\": \"Kaya Schulist\"}',2,'2001-03-29 09:46:59','2020-07-30 18:28:57'),(73,68,'http://dropbox/vk/ab.mpeg',24081,'{\"owner\": \"Louie Predovic\"}',1,'1986-08-06 01:25:05','2020-07-30 18:28:57'),(74,81,'http://dropbox/vk/earum.jpeg',719709,'{\"owner\": \"Eleazar Klocko\"}',2,'1981-04-14 23:01:17','2020-07-30 18:28:57'),(75,27,'http://dropbox/vk/sit.mpeg',8532,'{\"owner\": \"Lucio Moore\"}',3,'2001-11-20 11:20:00','2020-07-30 18:28:57'),(76,76,'http://dropbox/vk/eos.mpeg',2332,'{\"owner\": \"Zander Lockman\"}',2,'1987-10-02 04:08:31','2020-07-30 18:28:57'),(77,94,'http://dropbox/vk/aut.avi',920544,'{\"owner\": \"Loma Purdy\"}',1,'2003-07-16 03:42:41','2020-07-30 18:28:57'),(78,2,'http://dropbox/vk/est.jpeg',920603686,'{\"owner\": \"Georgette Fay\"}',3,'2002-04-23 08:20:19','2020-07-30 18:28:57'),(79,93,'http://dropbox/vk/voluptatibus.avi',788262,'{\"owner\": \"Brayan Quitzon\"}',1,'1995-10-15 07:54:38','2020-07-30 18:28:57'),(80,48,'http://dropbox/vk/ex.png',4250,'{\"owner\": \"Darius Olson\"}',1,'1998-05-10 13:16:33','2020-07-30 18:28:57'),(81,59,'http://dropbox/vk/soluta.avi',923786,'{\"owner\": \"Marquis Waters\"}',1,'1980-02-27 06:47:34','2020-07-30 18:28:57'),(82,93,'http://dropbox/vk/eos.png',4544528,'{\"owner\": \"Brayan Quitzon\"}',2,'1975-11-01 23:55:26','2020-07-30 18:28:57'),(83,23,'http://dropbox/vk/earum.mpeg',169680,'{\"owner\": \"Octavia Spencer\"}',2,'1979-08-14 18:23:29','2020-07-30 18:28:57'),(84,98,'http://dropbox/vk/deleniti.mpeg',473613,'{\"owner\": \"Lauretta Gaylord\"}',1,'1985-12-12 03:10:22','2020-07-30 18:28:57'),(85,59,'http://dropbox/vk/rem.avi',849026,'{\"owner\": \"Marquis Waters\"}',3,'1985-11-25 17:52:45','2020-07-30 18:28:57'),(86,21,'http://dropbox/vk/eum.mpeg',205355,'{\"owner\": \"Dexter Torphy\"}',1,'1991-09-15 01:35:51','2020-07-30 18:28:57'),(87,76,'http://dropbox/vk/et.avi',9933960,'{\"owner\": \"Zander Lockman\"}',2,'1977-10-21 18:39:48','2020-07-30 18:28:57'),(88,47,'http://dropbox/vk/nulla.jpeg',85754,'{\"owner\": \"Dante Cummerata\"}',2,'1972-11-19 05:51:55','2020-07-30 18:28:57'),(89,8,'http://dropbox/vk/corrupti.jpeg',814292,'{\"owner\": \"Luther Schmeler\"}',1,'2002-04-01 20:27:44','2020-07-30 18:28:57'),(90,24,'http://dropbox/vk/quia.avi',98856273,'{\"owner\": \"Laury Murazik\"}',2,'2000-01-30 23:33:28','2020-07-30 18:28:57'),(91,80,'http://dropbox/vk/ullam.png',514381,'{\"owner\": \"Twila Gutmann\"}',3,'1993-07-02 21:22:25','2020-07-30 18:28:57'),(92,4,'http://dropbox/vk/laborum.jpeg',10003705,'{\"owner\": \"Gina Johns\"}',3,'2006-06-18 09:03:42','2020-07-30 18:28:57'),(93,53,'http://dropbox/vk/ut.png',102659,'{\"owner\": \"Isaias Brekke\"}',2,'1977-07-09 23:39:20','2020-07-30 18:28:57'),(94,58,'http://dropbox/vk/est.avi',878233,'{\"owner\": \"Gardner Leffler\"}',1,'1988-09-24 18:39:53','2020-07-30 18:28:57'),(95,17,'http://dropbox/vk/et.avi',932141046,'{\"owner\": \"Violet Walker\"}',3,'2002-05-20 03:49:29','2020-07-30 18:28:57'),(96,8,'http://dropbox/vk/magnam.jpeg',652571,'{\"owner\": \"Luther Schmeler\"}',2,'1995-05-27 22:18:03','2020-07-30 18:28:57'),(97,90,'http://dropbox/vk/eum.jpeg',119029,'{\"owner\": \"Martin Welch\"}',3,'1977-10-09 21:58:25','2020-07-30 18:28:57'),(98,30,'http://dropbox/vk/cumque.avi',42005,'{\"owner\": \"Vincenzo Marquardt\"}',3,'1991-11-30 23:05:40','2020-07-30 18:28:57'),(99,50,'http://dropbox/vk/soluta.png',842936,'{\"owner\": \"Clarabelle McClure\"}',2,'2016-11-15 11:53:55','2020-07-30 18:28:57'),(100,71,'http://dropbox/vk/accusantium.avi',47424316,'{\"owner\": \"Jason Rippin\"}',1,'2007-06-13 09:38:24','2020-07-30 18:28:57');
/*!40000 ALTER TABLE `media` ENABLE KEYS */;
UNLOCK TABLES;

--
-- Table structure for table `media_types`
--

DROP TABLE IF EXISTS `media_types`;
/*!40101 SET @saved_cs_client     = @@character_set_client */;
/*!50503 SET character_set_client = utf8mb4 */;
CREATE TABLE `media_types` (
  `id` int unsigned NOT NULL AUTO_INCREMENT COMMENT '╨Ш╨┤╨╡╨╜╤В╨╕╤Д╨╕╨║╨░╤В╨╛╤А ╤Б╤В╤А╨╛╨║╨╕',
  `name` varchar(255) CHARACTER SET utf8 COLLATE utf8_unicode_ci NOT NULL COMMENT '╨Э╨░╨╖╨▓╨░╨╜╨╕╨╡ ╤В╨╕╨┐╨░',
  `created_at` datetime DEFAULT CURRENT_TIMESTAMP COMMENT '╨Т╤А╨╡╨╝╤П ╤Б╨╛╨╖╨┤╨░╨╜╨╕╤П ╤Б╤В╤А╨╛╨║╨╕',
  `updated_at` datetime DEFAULT CURRENT_TIMESTAMP ON UPDATE CURRENT_TIMESTAMP COMMENT '╨Т╤А╨╡╨╝╤П ╨╛╨▒╨╜╨╛╨▓╨╗╨╡╨╜╨╕╤П ╤Б╤В╤А╨╛╨║╨╕',
  PRIMARY KEY (`id`),
  UNIQUE KEY `name` (`name`)
) ENGINE=InnoDB DEFAULT CHARSET=utf8 COLLATE=utf8_unicode_ci COMMENT='╨в╨╕╨┐╤Л ╨╝╨╡╨┤╨╕╨░╤Д╨░╨╣╨╗╨╛╨▓';
/*!40101 SET character_set_client = @saved_cs_client */;

--
-- Dumping data for table `media_types`
--

LOCK TABLES `media_types` WRITE;
/*!40000 ALTER TABLE `media_types` DISABLE KEYS */;
/*!40000 ALTER TABLE `media_types` ENABLE KEYS */;
UNLOCK TABLES;

--
-- Table structure for table `messages`
--

DROP TABLE IF EXISTS `messages`;
/*!40101 SET @saved_cs_client     = @@character_set_client */;
/*!50503 SET character_set_client = utf8mb4 */;
CREATE TABLE `messages` (
  `id` int unsigned NOT NULL AUTO_INCREMENT COMMENT '╨Ш╨┤╨╡╨╜╤В╨╕╤Д╨╕╨║╨░╤В╨╛╤А ╤Б╤В╤А╨╛╨║╨╕',
  `from_user_id` int unsigned NOT NULL COMMENT '╨б╤Б╤Л╨╗╨║╨░ ╨╜╨░ ╨╛╤В╨┐╤А╨░╨▓╨╕╤В╨╡╨╗╤П ╤Б╨╛╨╛╨▒╤Й╨╡╨╜╨╕╤П',
  `to_user_id` int unsigned NOT NULL COMMENT '╨б╤Б╤Л╨╗╨║╨░ ╨╜╨░ ╨┐╨╛╨╗╤Г╤З╨░╤В╨╡╨╗╤П ╤Б╨╛╨╛╨▒╤Й╨╡╨╜╨╕╤П',
  `body` text CHARACTER SET utf8 COLLATE utf8_unicode_ci NOT NULL COMMENT '╨в╨╡╨║╤Б╤В ╤Б╨╛╨╛╨▒╤Й╨╡╨╜╨╕╤П',
  `is_important` tinyint(1) DEFAULT NULL COMMENT '╨Я╤А╨╕╨╖╨╜╨░╨║ ╨▓╨░╨╢╨╜╨╛╤Б╤В╨╕',
  `is_delivered` tinyint(1) DEFAULT NULL COMMENT '╨Я╤А╨╕╨╖╨╜╨░╨║ ╨┤╨╛╤Б╤В╨░╨▓╨║╨╕',
  `created_at` datetime DEFAULT CURRENT_TIMESTAMP COMMENT '╨Т╤А╨╡╨╝╤П ╤Б╨╛╨╖╨┤╨░╨╜╨╕╤П ╤Б╤В╤А╨╛╨║╨╕',
  `updated_at` datetime DEFAULT CURRENT_TIMESTAMP ON UPDATE CURRENT_TIMESTAMP COMMENT '╨Т╤А╨╡╨╝╤П ╨╛╨▒╨╜╨╛╨▓╨╗╨╡╨╜╨╕╤П ╤Б╤В╤А╨╛╨║╨╕',
  PRIMARY KEY (`id`)
) ENGINE=InnoDB AUTO_INCREMENT=101 DEFAULT CHARSET=utf8 COLLATE=utf8_unicode_ci COMMENT='╨б╨╛╨╛╨▒╤Й╨╡╨╜╨╕╤П';
/*!40101 SET character_set_client = @saved_cs_client */;

--
-- Dumping data for table `messages`
--

LOCK TABLES `messages` WRITE;
/*!40000 ALTER TABLE `messages` DISABLE KEYS */;
INSERT INTO `messages` VALUES (1,45,17,'Est iure consequuntur sapiente. Fugit repellat fuga dolor. Incidunt quidem perferendis laborum perferendis odio voluptatum quae quis.',1,1,'2001-08-30 11:03:45','2020-07-30 17:53:01'),(2,48,91,'Nam est accusamus aut dolores. Voluptatem beatae ut aut non vitae adipisci. Perspiciatis asperiores non eum labore. Sit numquam eum quo hic.',1,0,'2019-01-20 23:49:57','2020-07-30 17:53:01'),(3,9,74,'Nobis voluptatem nobis veritatis et. Ipsa hic ea sed et aut.',0,1,'1976-06-24 09:16:57','2020-07-30 17:53:01'),(4,41,84,'Enim provident est ut sit eaque optio debitis. Voluptas architecto est sint in et sunt voluptatem et. Est debitis sunt in qui nihil expedita.',1,1,'2011-05-20 12:50:21','2020-07-30 17:53:01'),(5,96,28,'Quos voluptatem sint qui hic reprehenderit. Sint animi natus quia omnis sed dolore incidunt. Ut ex necessitatibus dolor ut inventore consectetur quaerat minima. Facere illo sed nostrum quis eaque aut.',1,1,'2004-04-22 11:24:53','2020-07-30 17:53:01'),(6,51,72,'Quis quasi nostrum deleniti non ea. Nostrum culpa animi officiis ipsa voluptas sint. Consectetur minima nulla vitae culpa similique debitis at. Sint dicta debitis quam sapiente.',1,1,'1982-09-23 12:20:14','2020-07-30 17:53:01'),(7,7,16,'Nostrum nostrum sed libero omnis sed non. Dolorum sit doloremque illo qui repudiandae. A non quia ipsum mollitia incidunt. Neque earum aut veritatis dolor ab aliquid incidunt sunt.',1,1,'1976-09-17 06:09:55','2020-07-30 17:53:01'),(8,61,54,'Possimus dolorum vel quaerat officia eius dolorum natus. In veritatis omnis quis dolores at et aliquid. Soluta dolore debitis aliquam incidunt aperiam tempora et. Sed repellat nihil vero ut voluptas.',1,0,'1994-12-29 18:49:32','2020-07-30 17:53:01'),(9,88,79,'Enim quo impedit in quo. Numquam aliquam maxime et tempora fuga nemo. Explicabo assumenda harum est porro autem ut.',0,0,'1996-01-29 04:32:14','2020-07-30 17:53:01'),(10,30,14,'Quo aut et quis ipsa. Deserunt magnam aliquam aut accusantium. Quibusdam aut impedit voluptatum ut. Nisi voluptate voluptates qui quia iure adipisci fugiat.',0,0,'1981-03-31 10:27:37','2020-07-30 17:53:01'),(11,78,47,'Iure accusantium velit nemo quas. Distinctio neque debitis inventore. Et voluptatem numquam corporis ut vitae suscipit voluptas.',0,1,'1982-09-27 21:42:36','2020-07-30 17:53:01'),(12,99,55,'Voluptas tempora voluptas error officia est sed nam rerum. Rerum ut sunt placeat earum veniam iure. Eligendi a non dolorem quia. Sit repellat dolorum repellat dolorem tempore et.',0,1,'2017-02-19 13:33:16','2020-07-30 17:53:01'),(13,78,25,'Accusantium aut tempora et sed aspernatur ea dolores. Consequatur dolorum rerum accusamus sit incidunt magnam sunt.',0,1,'1982-09-20 14:12:12','2020-07-30 17:53:01'),(14,91,77,'Eligendi tenetur mollitia consequatur. Aliquid dolor illo necessitatibus et officiis odit quia.',1,0,'2017-05-13 09:04:59','2020-07-30 17:53:01'),(15,14,39,'Non aut possimus dolore unde sit placeat. Dolores ad voluptates nemo et animi et et. Porro impedit libero quis sit voluptas provident. Dicta voluptatem hic delectus odio.',1,1,'1981-11-17 03:24:29','2020-07-30 17:53:01'),(16,53,47,'Ut earum illo blanditiis delectus ullam a. Expedita illum ut quia a aperiam natus. Eius deserunt velit fugit velit.',0,0,'2003-06-29 18:10:13','2020-07-30 17:53:01'),(17,76,40,'Non et sed ipsa quibusdam. Voluptatibus necessitatibus consequatur qui ut accusamus architecto. Delectus eum molestias ut sapiente ut amet.',0,0,'1973-05-24 15:08:16','2020-07-30 17:53:01'),(18,69,25,'Est rem beatae itaque deserunt. In impedit autem at dolore adipisci. Fuga qui libero magnam accusantium quia. Eligendi non repellat eum et quo repudiandae a.',0,1,'2006-01-04 13:57:16','2020-07-30 17:53:01'),(19,17,11,'Iusto eum a qui expedita voluptas cumque qui. Id necessitatibus quis aliquid quisquam laborum sint recusandae. Unde et ipsum quod enim.',0,0,'2019-08-08 05:34:13','2020-07-30 17:53:01'),(20,5,88,'Voluptatem dicta et consequuntur et molestiae harum possimus. Magni ea dolor ducimus quis.',1,1,'1985-01-13 16:02:12','2020-07-30 17:53:01'),(21,27,68,'Nihil harum tempora quasi voluptas non. Sed ut cumque qui minus. Porro voluptas debitis omnis rem nobis voluptatum omnis.',1,1,'2007-04-20 09:21:27','2020-07-30 17:53:01'),(22,59,91,'Optio nobis qui ipsam pariatur doloribus. Aut numquam voluptate reprehenderit est et quo. Impedit vel ut molestiae recusandae hic. Consequatur voluptas tempora dolorum nulla qui aliquid et.',1,1,'2009-02-09 13:42:49','2020-07-30 17:53:01'),(23,75,5,'Ut nam et reiciendis ratione commodi. Consequuntur autem quas voluptas aspernatur hic. Doloribus facilis in enim fugiat adipisci. Voluptates et sit culpa tenetur in.',1,0,'2012-12-13 07:40:14','2020-07-30 17:53:01'),(24,99,77,'Consequatur omnis laboriosam in. Et est sint consectetur voluptate nisi aliquam occaecati. Excepturi nam repellendus ipsa amet rerum aut suscipit ut. Et eos similique inventore suscipit.',1,1,'1990-04-08 16:53:50','2020-07-30 17:53:01'),(25,89,12,'Minus harum numquam eligendi quibusdam. Doloremque cupiditate est ab et in ut explicabo dolorem. Ipsa ratione eum dolorum quisquam quo. Possimus occaecati repudiandae temporibus in.',1,1,'1972-11-25 13:15:54','2020-07-30 17:53:01'),(26,92,23,'In est nihil nostrum ut laborum quod. Dolor reprehenderit nobis eos et inventore ad harum. Voluptas mollitia velit hic iusto aut eveniet. Occaecati repellat fugiat rem facere omnis. Sequi nesciunt nesciunt voluptatem.',1,1,'1970-01-03 01:58:55','2020-07-30 17:53:01'),(27,41,35,'Ut vitae aliquid possimus sint. Maxime consequuntur rerum accusantium ut autem eos. Aut impedit molestiae qui aut id sint sed. Error odit et ut natus pariatur est.',1,0,'1972-10-04 20:11:06','2020-07-30 17:53:01'),(28,51,51,'Sequi et dignissimos aut ea ipsa commodi. Animi ducimus odit vel numquam quia possimus. Earum aperiam sint praesentium aut molestias.',0,1,'1999-06-27 10:35:38','2020-07-30 17:53:01'),(29,2,57,'Animi et voluptatem dolores. Eos quas quam ut vel. Et sed magni quisquam omnis dicta in ullam eligendi.',0,1,'2001-02-09 14:55:31','2020-07-30 17:53:01'),(30,76,9,'Deleniti qui enim velit sit neque. Voluptatem similique sit placeat rerum enim. Aliquam libero quia impedit quo repellat. Dolorum ullam dolor quae aliquam quia.',0,0,'2007-05-07 20:16:30','2020-07-30 17:53:01'),(31,16,53,'Dignissimos odio architecto rerum autem sint qui. Ex soluta sed distinctio dolore autem velit. Odit ut et molestiae est qui quibusdam. Sit dolor et nihil architecto blanditiis nihil sunt magnam.',0,0,'2019-04-15 20:41:47','2020-07-30 17:53:01'),(32,17,24,'Velit quidem saepe beatae et accusantium. Aut qui et exercitationem enim quo nobis omnis. Adipisci quas eum odio. Cum consectetur saepe nam.',1,0,'1998-05-18 02:59:18','2020-07-30 17:53:01'),(33,71,80,'Sed voluptatem exercitationem sapiente aut minus qui natus. Aut numquam provident eveniet voluptatibus et harum. Culpa optio qui ut quisquam. Non cupiditate nisi earum dolorem ullam.',0,1,'1982-06-08 16:41:41','2020-07-30 17:53:01'),(34,88,100,'Aut ullam sed voluptatum ea aperiam et ut. Repellendus dolore quo ut aut eum. Voluptatem autem aut cum quae vero. Voluptas vitae autem id modi.',1,1,'1976-06-15 02:06:54','2020-07-30 17:53:01'),(35,36,77,'Omnis qui sed recusandae quia autem sit. Non numquam aut placeat occaecati. Aperiam quos adipisci culpa minima magni consequatur quibusdam.',0,1,'2019-10-19 09:10:42','2020-07-30 17:53:01'),(36,80,65,'Vel omnis et nostrum velit laboriosam omnis. Quia magni ut quam nihil non non incidunt. Eius voluptas harum rerum et et quibusdam.',1,0,'1971-12-16 13:57:45','2020-07-30 17:53:01'),(37,86,34,'Totam voluptatem voluptas repudiandae libero id. Quas et quia nihil. Ullam excepturi omnis voluptatem autem impedit dolor. Rem error nam culpa iste quas labore et qui.',0,1,'1993-06-26 19:51:17','2020-07-30 17:53:01'),(38,11,52,'Molestiae beatae ut non voluptatem dolorem reiciendis. Vel autem facere est expedita dolor consequuntur. Totam doloremque sequi quod debitis ex. Modi cum expedita id iure voluptatem sed repellendus.',1,1,'1998-12-02 06:36:38','2020-07-30 17:53:01'),(39,29,87,'Quo odit voluptas repellat quam. Qui ea tempora quidem modi aut consequuntur. Rerum minima iusto tempore nesciunt neque odio. Totam voluptas id dolor ad alias quis.',0,1,'1971-01-18 08:50:37','2020-07-30 17:53:01'),(40,49,82,'Corporis ut veniam sunt et cupiditate eum. Quasi et vel dolorum maiores doloribus. Enim eaque blanditiis totam fugit. Natus sequi voluptas assumenda provident. Libero voluptatem ut tempora qui similique tempore repudiandae adipisci.',0,1,'1975-03-13 11:10:40','2020-07-30 17:53:01'),(41,64,74,'Velit quam exercitationem aut laboriosam. Quaerat veniam natus similique id. Reprehenderit dicta quas odit veritatis dolores et. Tempora molestias consequatur qui consequuntur quaerat saepe aut.',1,1,'2016-09-13 00:54:04','2020-07-30 17:53:01'),(42,76,59,'Nam qui nihil quam. Itaque quas et et quis qui iure. Id modi autem repudiandae quisquam.',1,0,'2005-06-28 20:44:58','2020-07-30 17:53:01'),(43,66,52,'Accusamus maxime quis dolorum excepturi mollitia. Ea doloribus aspernatur corrupti neque quaerat maxime et. Dolore quisquam eius nisi aut. Exercitationem excepturi quae alias neque voluptatem.',1,1,'2019-02-22 16:53:02','2020-07-30 17:53:01'),(44,60,43,'Magnam repellat quia accusamus rerum et. Voluptas dolorem est enim non molestiae praesentium veritatis asperiores. Vel quasi iste placeat dolores quo nemo.',0,1,'2013-01-07 23:14:14','2020-07-30 17:53:01'),(45,37,54,'Dolores incidunt dignissimos odio. Rem enim temporibus sunt repudiandae consequuntur quos omnis. Commodi laudantium at voluptatum a commodi cumque officia sint.',0,1,'2019-02-07 13:35:53','2020-07-30 17:53:01'),(46,58,29,'Saepe dignissimos molestiae et corporis. Sit consequatur provident quidem aut vel eligendi.',0,0,'1983-04-23 18:00:13','2020-07-30 17:53:01'),(47,70,64,'Ut quasi minima consequatur hic quas beatae ratione. Hic velit dolor cumque dolores. Quis neque quod animi numquam voluptatem odit odit in. Voluptatum aut voluptatem vel eos.',0,0,'2004-08-26 20:54:03','2020-07-30 17:53:01'),(48,7,43,'Amet voluptatem dignissimos sunt possimus optio. Et laudantium et quidem natus mollitia. Autem ut asperiores ipsam in qui explicabo et. Quo iusto facere atque similique ut ab. Sit quae accusantium modi velit harum molestiae.',0,1,'1981-02-10 10:09:30','2020-07-30 17:53:01'),(49,93,37,'Ab eius rerum nesciunt excepturi ut. Assumenda laudantium unde eligendi aperiam. Illo ut sit et architecto. Veritatis pariatur doloremque nostrum sed.',0,0,'2016-05-17 09:02:33','2020-07-30 17:53:01'),(50,4,10,'Voluptatem libero molestiae officia cum. Perferendis hic esse porro porro et tempora rerum. Fuga quod voluptate consequuntur cumque.',1,0,'2017-02-05 09:17:53','2020-07-30 17:53:01'),(51,38,60,'Ut voluptas officiis similique ut impedit quasi quas. Blanditiis quae neque et et error possimus illo. At dolorem odio laborum iure labore consequatur.',0,1,'1986-10-05 02:22:32','2020-07-30 17:53:01'),(52,86,50,'Et non quia ducimus omnis qui minus ratione. Nostrum voluptas aut repellat. Est dignissimos aperiam quam.',1,1,'2011-06-27 11:15:18','2020-07-30 17:53:01'),(53,91,3,'Sit id animi esse maiores veritatis. Quia aut rerum nemo in in. Commodi magni autem iusto perferendis.',0,1,'2003-05-09 15:45:42','2020-07-30 17:53:01'),(54,41,95,'Aut quos sit ut similique omnis. Mollitia dicta et odit quaerat praesentium quia laudantium labore. Deserunt provident quis in et repellat saepe. Et et temporibus autem in voluptatum maxime.',0,0,'1982-03-21 09:03:01','2020-07-30 17:53:01'),(55,52,77,'Qui blanditiis eligendi sed qui. Nihil ab sint assumenda labore commodi. Ducimus eos est a similique itaque.',1,1,'2007-09-21 15:21:23','2020-07-30 17:53:01'),(56,26,99,'Inventore dolorem placeat nihil ex ex. Nobis aliquid similique voluptatem suscipit quis. Quo quam id et et provident molestiae dolor.',1,1,'1998-12-12 02:43:35','2020-07-30 17:53:01'),(57,17,86,'Consequatur est natus quia autem ratione vero optio. Nulla dignissimos officiis sequi ratione. Accusamus et reprehenderit inventore ut perspiciatis temporibus.',0,0,'1995-12-21 20:56:55','2020-07-30 17:53:01'),(58,81,46,'Cupiditate consequatur impedit provident et. Molestiae natus officia officia totam molestiae vero qui nihil. Quaerat placeat quia officia illum est id accusamus ipsam.',1,1,'1989-07-05 17:21:22','2020-07-30 17:53:01'),(59,85,86,'Earum voluptatem eveniet dolore est. Enim fugiat enim distinctio voluptate at cupiditate eligendi molestias. Nihil quam nihil perferendis molestiae unde reprehenderit. Et veniam distinctio similique rerum repudiandae ducimus omnis.',1,1,'2016-12-30 11:33:29','2020-07-30 17:53:01'),(60,77,24,'Quia incidunt ut nulla a est. Quia omnis eum voluptas sed optio distinctio. Nostrum ipsam id in.',1,1,'1977-08-08 04:28:34','2020-07-30 17:53:01'),(61,92,84,'In non iste tempora occaecati assumenda dolores commodi delectus. Alias ea nesciunt quisquam ut maxime quae eius. Aspernatur quo nesciunt doloremque incidunt pariatur quo optio odio. Eius pariatur in nobis magni.',1,0,'2001-03-28 23:11:10','2020-07-30 17:53:01'),(62,44,69,'Quod voluptatem molestias dignissimos blanditiis commodi sint rerum. Non ea provident in qui quia.',0,0,'2011-10-19 09:34:21','2020-07-30 17:53:01'),(63,10,42,'Nemo consequatur doloribus ut unde maiores minima. Quos odit autem ipsa rerum dignissimos natus itaque. Magnam qui nihil sunt est deleniti facere possimus accusantium. Natus nemo est assumenda recusandae reiciendis dolorem aut dolores.',1,1,'1989-04-14 08:09:25','2020-07-30 17:53:01'),(64,82,84,'Nihil tenetur temporibus autem et adipisci qui minima. Quibusdam voluptates ea rerum ut hic sed fugit. Iste assumenda libero molestiae temporibus ut voluptate. Veniam delectus non delectus numquam alias quae mollitia consequatur. Blanditiis officiis dolores temporibus quo voluptatibus.',1,0,'2002-09-14 16:26:03','2020-07-30 17:53:01'),(65,73,14,'Libero ipsa veritatis mollitia laborum vel. Omnis voluptates qui et consequuntur et iure. Autem doloribus voluptas laboriosam distinctio itaque. Rem molestias nobis quisquam facere dolores ut aut.',0,0,'2009-02-09 03:16:13','2020-07-30 17:53:01'),(66,48,99,'Dicta ea tempora nulla atque maiores exercitationem laboriosam. Est sit qui et nisi vero itaque. Est id hic qui natus. Distinctio qui culpa aliquid est consequuntur.',1,1,'2017-04-19 03:32:20','2020-07-30 17:53:01'),(67,51,56,'Blanditiis neque eaque nisi molestias. Tenetur qui aliquid eaque dolor adipisci fugiat delectus. Nihil magnam est inventore dolor beatae voluptas. Provident cupiditate pariatur officia nostrum.',0,0,'1984-11-05 21:15:32','2020-07-30 17:53:01'),(68,29,76,'Voluptatibus velit sit laboriosam quaerat. Est excepturi dignissimos vel excepturi. Fugit unde assumenda ut dolor consequatur praesentium facilis reiciendis. Possimus explicabo dolorem sunt.',0,1,'1991-09-17 17:52:30','2020-07-30 17:53:01'),(69,90,24,'Doloremque vero maxime voluptas excepturi ab sit saepe. Earum voluptatem qui ducimus aut sunt incidunt. Aut totam deserunt omnis omnis consequatur ex. Praesentium voluptatem commodi quod molestiae odit.',0,0,'1991-07-01 04:48:59','2020-07-30 17:53:01'),(70,50,75,'Corrupti quod dolorem voluptates maiores. Deleniti exercitationem doloremque ut ipsa. Distinctio aut ut et hic porro nulla. Animi consequatur ipsum consequatur voluptatem quod. Tenetur expedita quidem quae saepe voluptate voluptate eius.',0,1,'1997-09-08 08:25:19','2020-07-30 17:53:01'),(71,25,2,'Impedit voluptas mollitia id nulla. Eos minus iste ex. Sunt dolores eos id tenetur consequatur qui. Ex soluta ipsum sint non.',1,0,'2006-02-07 06:06:38','2020-07-30 17:53:01'),(72,32,53,'Sit repudiandae excepturi et totam eos. Est nostrum ad nesciunt officia debitis. Exercitationem nihil velit quidem. Voluptates optio necessitatibus molestiae eos omnis a pariatur.',0,0,'2016-11-11 14:13:31','2020-07-30 17:53:01'),(73,71,94,'Tenetur sequi corrupti molestiae quas ut omnis. Saepe dolorum cupiditate eligendi cumque harum quia. Nam et nulla ut. Pariatur voluptatem soluta maiores numquam.',1,0,'2018-05-05 14:59:14','2020-07-30 17:53:01'),(74,56,98,'Eius necessitatibus nihil eos nobis ut. Autem qui incidunt quidem. Reiciendis magni id quibusdam illo rerum.',0,1,'2012-11-11 01:59:28','2020-07-30 17:53:01'),(75,21,12,'In quo impedit accusantium amet. Quasi voluptatem numquam veritatis facere ut laudantium. Blanditiis atque saepe nostrum iste repellat.',0,0,'2001-03-12 06:42:58','2020-07-30 17:53:01'),(76,95,41,'Dolor voluptas voluptatibus sunt laudantium et in. Id omnis inventore rerum. Perspiciatis possimus esse tenetur nostrum.',0,1,'2005-06-11 10:21:51','2020-07-30 17:53:01'),(77,16,58,'Ut reprehenderit voluptatem ea dicta cupiditate ullam. Recusandae et aut aliquid maiores. Officia libero aut amet sint fugit ipsum.',1,0,'2004-10-31 04:05:16','2020-07-30 17:53:01'),(78,43,40,'Omnis corporis assumenda totam quisquam eligendi culpa. Earum et consequatur aut cumque et hic. Aperiam delectus omnis rem voluptas. Facere voluptatibus doloribus est. Reiciendis qui quibusdam dolorem odit libero officia est.',0,1,'2016-08-24 16:46:45','2020-07-30 17:53:01'),(79,68,23,'Qui ullam sint quisquam mollitia ad alias. Nostrum sunt qui expedita est minima est consequatur corporis. Facere aut eos non est mollitia. Alias libero nemo nemo iste ea qui voluptatem quas.',0,0,'1971-11-05 16:09:01','2020-07-30 17:53:01'),(80,8,70,'Aspernatur nulla et impedit est optio. Necessitatibus voluptas id reprehenderit atque numquam nihil aut.',0,0,'2018-08-11 13:35:02','2020-07-30 17:53:01'),(81,25,14,'Et quis veniam dolores eum repudiandae. Quisquam accusamus non cupiditate magnam enim. Iure et dolores sunt accusantium eaque. Suscipit rerum dolorum qui placeat.',1,0,'2005-06-05 17:09:02','2020-07-30 17:53:01'),(82,96,37,'Pariatur facilis quae non totam debitis dolores minus deleniti. Harum rerum consectetur reprehenderit. Hic sed dolore quia delectus soluta accusamus. Provident exercitationem neque iure unde praesentium tempora.',1,1,'2008-06-18 17:01:03','2020-07-30 17:53:01'),(83,96,68,'Aperiam ut inventore voluptatem quia molestiae qui. Iste ut impedit rerum magni at et. Eum possimus saepe commodi.',1,1,'2006-01-08 04:27:21','2020-07-30 17:53:01'),(84,53,60,'Eum quod quis consequuntur corporis omnis qui omnis. Ex iusto vel quaerat doloribus. Veniam explicabo atque voluptas possimus eaque qui fuga est. Doloremque quod adipisci aspernatur consectetur nesciunt architecto.',1,0,'2009-10-01 15:24:45','2020-07-30 17:53:01'),(85,41,25,'Ut sed est quas omnis nihil rerum rem. Qui eum et eligendi nisi quod ullam voluptates amet.',0,0,'1986-02-20 22:24:23','2020-07-30 17:53:01'),(86,2,32,'Assumenda et earum autem impedit ut. Sapiente omnis dolorem nulla aut qui eaque mollitia voluptatem. Ipsum aut totam est non dolor. Tenetur est doloremque qui aut quia est.',1,0,'1987-07-19 04:10:54','2020-07-30 17:53:01'),(87,55,78,'Ut nobis qui commodi in sed voluptatum. Laborum a vero aut atque amet cupiditate dolores. Consequatur enim omnis laboriosam doloribus qui nihil tempora.',0,0,'2007-08-09 01:40:11','2020-07-30 17:53:01'),(88,26,96,'Quis corrupti nisi sunt minima atque ad tempore. Nesciunt sit itaque eveniet est magnam a nisi. Possimus distinctio et soluta omnis nihil fugit excepturi. Doloribus corrupti sunt distinctio dolorem fuga dolorem. Animi autem aut autem repellendus illum.',0,0,'2014-11-10 00:25:19','2020-07-30 17:53:01'),(89,1,15,'Ea illo voluptas voluptatibus blanditiis numquam nam. Eligendi nobis earum quisquam at natus veniam ipsa. Ad quos doloribus aliquid odio repellat rerum eligendi. Possimus et quia totam dolorem maiores. Ex saepe sed harum ut.',0,0,'2014-04-19 17:50:24','2020-07-30 17:53:01'),(90,73,17,'Accusantium cupiditate quidem est veritatis voluptatem molestiae. Tempore cupiditate id omnis placeat atque libero odit.',1,1,'1979-02-28 01:14:35','2020-07-30 17:53:01'),(91,68,88,'Et aut dicta eum. Natus vel voluptas aliquid nostrum sed magnam temporibus a. Dolore reprehenderit alias illum omnis laboriosam sunt.',1,0,'2008-04-24 06:59:37','2020-07-30 17:53:01'),(92,35,10,'Aut dolorem qui porro. Accusamus iusto tempora vel nesciunt aut. Blanditiis ut mollitia velit rerum aperiam blanditiis. Excepturi in delectus repellat reprehenderit at.',0,1,'1991-04-17 01:43:34','2020-07-30 17:53:01'),(93,45,94,'Ratione molestiae quam hic. Unde odio ipsum necessitatibus ullam minima natus eum. Reprehenderit velit ipsa et enim sit cum dolore. Iure nihil vitae neque quo consectetur voluptatem.',1,0,'1999-07-06 14:15:34','2020-07-30 17:53:01'),(94,37,100,'Qui cupiditate odit doloremque natus qui qui tempora ut. Omnis tenetur nihil exercitationem et atque sunt rerum. Expedita officia voluptas odio qui assumenda ipsa voluptatem architecto.',0,0,'2001-04-14 20:28:13','2020-07-30 17:53:01'),(95,91,52,'Tempora ex perferendis possimus voluptatem autem eos voluptatibus aut. Autem neque asperiores eos in numquam.',0,0,'1998-01-20 22:51:13','2020-07-30 17:53:01'),(96,89,88,'Recusandae error non et adipisci facere molestiae. Blanditiis totam fugit quibusdam dolores eligendi autem qui. Tempore minus id alias quod unde. Nihil aspernatur illo laborum fugiat.',1,0,'1998-02-14 15:15:07','2020-07-30 17:53:01'),(97,70,87,'Facilis dolorem explicabo eligendi dignissimos culpa aut. Temporibus reiciendis ab quisquam alias ea ullam.',1,1,'1989-12-01 04:32:34','2020-07-30 17:53:01'),(98,24,61,'Earum sed dignissimos et et qui esse incidunt. Error repudiandae aliquam non. Adipisci corrupti ratione ducimus dignissimos beatae. Nam exercitationem iusto cumque ea facere laborum a qui.',0,1,'1970-11-17 07:28:08','2020-07-30 17:53:01'),(99,30,67,'Aut blanditiis quidem quis. Voluptatem numquam cumque voluptatum soluta laboriosam consequatur molestiae. Est recusandae consequatur et.',1,1,'1980-01-29 09:38:04','2020-07-30 17:53:01'),(100,45,22,'Cum fugit placeat vero pariatur consequatur illo dolore. Quas quia sint cupiditate adipisci aut dolores. Natus omnis corrupti aut error voluptatibus omnis.',1,1,'2018-06-09 04:04:20','2020-07-30 17:53:01');
/*!40000 ALTER TABLE `messages` ENABLE KEYS */;
UNLOCK TABLES;

--
-- Table structure for table `profiles`
--

DROP TABLE IF EXISTS `profiles`;
/*!40101 SET @saved_cs_client     = @@character_set_client */;
/*!50503 SET character_set_client = utf8mb4 */;
CREATE TABLE `profiles` (
  `user_id` int unsigned NOT NULL COMMENT '╨б╤Б╤Л╨╗╨║╨░ ╨╜╨░ ╨┐╨╛╨╗╤М╨╖╨╛╨▓╨░╤В╨╡╨╗╤П',
  `gender` char(1) CHARACTER SET utf8 COLLATE utf8_unicode_ci NOT NULL COMMENT '╨Я╨╛╨╗',
  `birthday` date DEFAULT NULL COMMENT '╨Ф╨░╤В╨░ ╤А╨╛╨╢╨┤╨╡╨╜╨╕╤П',
  `photo_id` int unsigned DEFAULT NULL COMMENT '╨б╤Б╤Л╨╗╨║╨░ ╨╜╨░ ╨╛╤Б╨╜╨╛╨▓╨╜╤Г╤О ╤Д╨╛╤В╨╛╨│╤А╨░╤Д╨╕╤О ╨┐╨╛╨╗╤М╨╖╨╛╨▓╨░╤В╨╡╨╗╤П',
  `city` varchar(130) CHARACTER SET utf8 COLLATE utf8_unicode_ci DEFAULT NULL COMMENT '╨У╨╛╤А╨╛╨┤ ╨┐╤А╨╛╨╢╨╕╨▓╨░╨╜╨╕╤П',
  `country` varchar(130) CHARACTER SET utf8 COLLATE utf8_unicode_ci DEFAULT NULL COMMENT '╨б╤В╤А╨░╨╜╨░ ╨┐╤А╨╛╨╢╨╕╨▓╨░╨╜╨╕╤П',
  `created_at` datetime DEFAULT CURRENT_TIMESTAMP COMMENT '╨Т╤А╨╡╨╝╤П ╤Б╨╛╨╖╨┤╨░╨╜╨╕╤П ╤Б╤В╤А╨╛╨║╨╕',
  `updated_at` datetime DEFAULT CURRENT_TIMESTAMP ON UPDATE CURRENT_TIMESTAMP COMMENT '╨Т╤А╨╡╨╝╤П ╨╛╨▒╨╜╨╛╨▓╨╗╨╡╨╜╨╕╤П ╤Б╤В╤А╨╛╨║╨╕',
  PRIMARY KEY (`user_id`)
) ENGINE=InnoDB DEFAULT CHARSET=utf8 COLLATE=utf8_unicode_ci COMMENT='╨Я╤А╨╛╤Д╨╕╨╗╨╕';
/*!40101 SET character_set_client = @saved_cs_client */;

--
-- Dumping data for table `profiles`
--

LOCK TABLES `profiles` WRITE;
/*!40000 ALTER TABLE `profiles` DISABLE KEYS */;
INSERT INTO `profiles` VALUES (1,'m','1973-03-14',3,'New Darius','Switzerland','2017-04-01 00:30:22','2020-07-30 17:43:57'),(2,'f','1953-09-28',56,'North Shannon','Anguilla','2010-08-31 22:26:31','2020-07-30 17:43:57'),(3,'m','2013-05-12',69,'Dooleyborough','Lithuania','2016-04-01 12:34:32','2020-07-30 17:43:57'),(4,'m','1952-07-28',80,'Keelingmouth','Faroe Islands','2012-03-23 13:15:29','2020-07-30 17:43:57'),(5,'m','1962-10-22',89,'New Kayleighview','Argentina','2014-01-17 17:03:55','2020-07-30 17:43:57'),(6,'m','2004-12-14',6,'Collinsville','Mauritania','2018-07-10 08:58:34','2020-07-30 17:43:57'),(7,'m','2012-06-08',61,'Maximusburgh','Tanzania','2018-01-29 22:15:23','2020-07-30 17:43:57'),(8,'m','1937-06-05',87,'Friesenstad','Iraq','2017-09-09 08:13:42','2020-07-30 17:43:57'),(9,'f','2019-09-10',54,'Rosamondmouth','Holy See (Vatican City State)','2016-12-30 17:01:32','2020-07-30 17:43:57'),(10,'m','1978-09-05',6,'East Willa','Pakistan','2016-04-24 02:05:30','2020-07-30 17:43:57'),(11,'f','1971-04-30',68,'Leslyburgh','Canada','2013-04-10 17:09:25','2020-07-30 17:43:57'),(12,'m','2017-08-21',24,'Stacyton','France','2010-10-18 19:53:07','2020-07-30 17:43:57'),(13,'f','1940-07-12',12,'New Olen','Togo','2013-12-31 12:47:05','2020-07-30 17:43:57'),(14,'f','1947-11-29',88,'Wernershire','Gambia','2020-03-09 16:34:40','2020-07-30 17:43:57'),(15,'f','1986-10-20',4,'West Belle','Oman','2016-06-03 16:48:03','2020-07-30 17:43:57'),(16,'m','1955-10-03',56,'Boehmland','Pitcairn Islands','2014-09-07 10:40:28','2020-07-30 17:43:57'),(17,'m','1982-12-18',69,'North Magaliview','Finland','2018-06-19 16:56:01','2020-07-30 17:43:57'),(18,'m','1956-03-05',75,'Izabellashire','Costa Rica','2014-01-22 19:43:38','2020-07-30 17:43:57'),(19,'m','2015-01-11',68,'West Ravenville','Mali','2015-02-18 00:55:26','2020-07-30 17:43:57'),(20,'f','2008-06-29',13,'Klingstad','Turks and Caicos Islands','2020-07-20 13:04:00','2020-07-30 17:43:57'),(21,'f','1998-07-29',60,'Crooksbury','French Guiana','2011-08-18 05:12:02','2020-07-30 17:43:57'),(22,'m','1949-09-19',63,'Funkstad','Honduras','2013-04-11 10:00:35','2020-07-30 17:43:57'),(23,'m','1958-01-22',35,'Haagmouth','Iceland','2013-12-07 05:46:50','2020-07-30 17:43:57'),(24,'m','1927-05-19',84,'Lake Madonnaton','Uruguay','2012-01-15 07:24:46','2020-07-30 17:43:57'),(25,'m','2008-12-03',14,'Reicherthaven','South Georgia and the South Sandwich Islands','2013-09-26 21:44:06','2020-07-30 17:43:57'),(26,'f','2012-02-12',20,'Haskellland','Australia','2014-11-01 01:10:00','2020-07-30 17:43:57'),(27,'m','1959-05-01',56,'Port Jacklynberg','Pitcairn Islands','2011-05-07 05:02:37','2020-07-30 17:43:57'),(28,'f','1994-10-27',18,'East Dashawn','Solomon Islands','2015-04-09 05:51:30','2020-07-30 17:43:57'),(29,'m','1962-02-27',24,'Lake Jamieland','United States of America','2017-03-11 12:04:16','2020-07-30 17:43:57'),(30,'m','1961-01-20',64,'South Laurianestad','Angola','2016-02-18 17:22:51','2020-07-30 17:43:57'),(31,'f','1981-09-04',50,'South Ellsworth','Croatia','2017-03-22 08:17:26','2020-07-30 17:43:57'),(32,'m','1957-01-13',54,'Port Horacio','Kazakhstan','2014-12-10 22:54:54','2020-07-30 17:43:57'),(33,'f','1960-06-15',21,'Kielville','Mongolia','2012-06-30 18:19:11','2020-07-30 17:43:57'),(34,'m','1955-09-23',40,'Lake Jettieside','Paraguay','2014-08-13 10:17:15','2020-07-30 17:43:57'),(35,'f','2018-05-30',40,'Markstown','Montenegro','2017-07-04 23:28:17','2020-07-30 17:43:57'),(36,'m','1931-09-26',79,'South Zula','Saudi Arabia','2018-12-12 10:04:33','2020-07-30 17:43:57'),(37,'f','2002-01-30',76,'South Ima','Dominica','2012-01-28 19:41:18','2020-07-30 17:43:57'),(38,'m','1940-01-08',41,'Gaylordmouth','Iraq','2016-12-18 22:37:59','2020-07-30 17:43:57'),(39,'m','1925-12-05',78,'Turcotteville','Lebanon','2013-12-23 18:15:11','2020-07-30 17:43:57'),(40,'m','1920-08-22',65,'West Jadon','Chile','2016-05-01 02:48:24','2020-07-30 17:43:57'),(41,'m','1964-08-18',89,'Volkmanton','Venezuela','2019-04-26 03:30:26','2020-07-30 17:43:57'),(42,'m','1987-02-03',51,'North Jeremiefurt','Yemen','2015-10-20 09:01:26','2020-07-30 17:43:57'),(43,'m','1928-07-10',87,'Port Rosie','Oman','2010-11-09 02:40:21','2020-07-30 17:43:57'),(44,'f','1953-06-10',81,'Fidelburgh','Gibraltar','2016-03-02 12:44:17','2020-07-30 17:43:57'),(45,'f','1978-08-20',42,'Lake Lee','Kenya','2016-11-01 23:24:20','2020-07-30 17:43:57'),(46,'f','1941-09-19',69,'Lake Gillianmouth','Brunei Darussalam','2019-04-17 11:48:07','2020-07-30 17:43:57'),(47,'f','1980-09-30',19,'Gislasonside','Guadeloupe','2012-05-13 15:23:09','2020-07-30 17:43:57'),(48,'f','1935-10-14',88,'South Morgan','Kiribati','2013-12-10 10:19:54','2020-07-30 17:43:57'),(49,'m','1978-05-14',81,'Port Gracielaland','Switzerland','2015-09-28 10:37:23','2020-07-30 17:43:57'),(50,'m','1977-12-18',41,'Port Raoulmouth','Turks and Caicos Islands','2018-08-04 18:11:03','2020-07-30 17:43:57'),(51,'m','1959-12-04',60,'Elizabethtown','Singapore','2013-10-26 23:54:37','2020-07-30 17:43:57'),(52,'f','1943-03-10',76,'Lake Ramiro','Angola','2020-05-24 01:12:49','2020-07-30 17:43:57'),(53,'m','2007-05-19',100,'West Jerryfort','Jamaica','2013-07-01 15:03:16','2020-07-30 17:43:57'),(54,'m','2010-01-19',73,'North Magnushaven','Benin','2020-06-15 19:35:23','2020-07-30 17:43:57'),(55,'f','2014-02-11',62,'Sengerborough','Malaysia','2013-01-26 02:58:05','2020-07-30 17:43:57'),(56,'f','1994-01-25',92,'Mannshire','Kazakhstan','2015-12-15 08:32:16','2020-07-30 17:43:57'),(57,'m','1957-10-01',73,'South Nikki','Algeria','2011-08-31 05:00:08','2020-07-30 17:43:57'),(58,'f','2003-06-05',87,'Maeganside','Saint Helena','2017-01-05 13:43:01','2020-07-30 17:43:57'),(59,'m','1993-08-16',17,'Isaifort','Panama','2017-08-31 17:01:19','2020-07-30 17:43:57'),(60,'f','1988-08-14',22,'Barrowschester','Indonesia','2016-08-11 23:47:06','2020-07-30 17:43:57'),(61,'f','1990-01-01',59,'South Mario','Aruba','2018-09-23 03:22:04','2020-07-30 17:43:57'),(62,'m','1999-05-19',29,'South Izabella','Bahrain','2020-03-01 06:09:32','2020-07-30 17:43:57'),(63,'f','1932-09-12',69,'Dewayneside','Zimbabwe','2014-11-05 20:05:40','2020-07-30 17:43:57'),(64,'m','1922-09-09',55,'Kohlerside','Italy','2020-04-14 04:27:07','2020-07-30 17:43:57'),(65,'f','1999-03-08',70,'Heavenmouth','Fiji','2016-04-01 08:42:26','2020-07-30 17:43:57'),(66,'m','1983-12-31',83,'Thielfurt','Christmas Island','2016-08-10 19:51:59','2020-07-30 17:43:57'),(67,'f','1938-02-13',7,'West Kassandraland','Ghana','2018-10-17 17:56:33','2020-07-30 17:43:57'),(68,'f','1966-05-21',82,'Lake Sylvester','Chile','2011-04-14 18:23:17','2020-07-30 17:43:57'),(69,'m','1970-12-06',91,'Emilyfurt','Tuvalu','2018-03-07 08:15:09','2020-07-30 17:43:57'),(70,'m','1971-01-20',8,'North Dion','Malaysia','2014-06-13 22:08:12','2020-07-30 17:43:57'),(71,'f','1977-03-10',67,'Lake Stephenville','Christmas Island','2012-11-08 00:10:51','2020-07-30 17:43:57'),(72,'f','1957-04-24',11,'Russelberg','Guam','2018-10-10 05:44:07','2020-07-30 17:43:57'),(73,'f','2014-09-14',54,'Wardside','Italy','2018-05-24 08:55:09','2020-07-30 17:43:57'),(74,'m','1934-01-09',37,'North Lindsaymouth','Maldives','2013-10-08 05:13:17','2020-07-30 17:43:57'),(75,'f','1931-11-19',22,'North Cristalborough','Paraguay','2017-09-22 11:33:49','2020-07-30 17:43:57'),(76,'m','1955-03-01',98,'Adriannaland','Lebanon','2014-01-19 13:08:42','2020-07-30 17:43:57'),(77,'m','1930-05-30',24,'Monaton','Suriname','2015-03-02 02:19:30','2020-07-30 17:43:57'),(78,'m','2016-03-29',27,'Port Treverfort','Cambodia','2016-11-01 19:00:43','2020-07-30 17:43:57'),(79,'f','1929-02-26',62,'Jaylonshire','Cameroon','2019-03-30 10:46:19','2020-07-30 17:43:57'),(80,'f','1992-10-29',29,'Elisabethton','Finland','2013-08-14 11:46:53','2020-07-30 17:43:57'),(81,'m','1999-10-07',58,'Cormierchester','Puerto Rico','2012-07-11 02:47:44','2020-07-30 17:43:57'),(82,'m','1972-03-20',4,'Jerryberg','Venezuela','2011-06-03 07:27:35','2020-07-30 17:43:57'),(83,'f','2003-11-01',43,'East Jaydenland','Sierra Leone','2014-01-20 08:17:46','2020-07-30 17:43:57'),(84,'f','1962-11-24',2,'West Joaquin','Cote d\'Ivoire','2018-05-18 14:48:14','2020-07-30 17:43:57'),(85,'m','1997-05-27',80,'South Phoebeberg','Iran','2012-07-30 17:41:28','2020-07-30 17:43:57'),(86,'f','1922-11-30',96,'West Christianburgh','Guyana','2016-11-06 14:42:07','2020-07-30 17:43:57'),(87,'f','1951-12-29',39,'New Felicity','Jamaica','2018-12-30 10:58:04','2020-07-30 17:43:57'),(88,'m','1948-01-02',4,'New Francis','Madagascar','2018-03-25 05:22:12','2020-07-30 17:43:57'),(89,'f','1940-11-21',6,'East Zoey','El Salvador','2016-07-11 15:59:25','2020-07-30 17:43:57'),(90,'m','1981-11-13',16,'North Celestine','San Marino','2017-09-14 02:06:56','2020-07-30 17:43:57'),(91,'f','2011-03-18',61,'Lacyberg','Russian Federation','2015-12-29 14:20:04','2020-07-30 17:43:57'),(92,'m','2006-08-08',57,'Garnetshire','Luxembourg','2016-12-11 04:59:33','2020-07-30 17:43:57'),(93,'f','1932-06-22',2,'West Michealshire','Peru','2018-01-27 10:41:13','2020-07-30 17:43:57'),(94,'f','1955-08-04',38,'North Jamelville','Bahamas','2014-05-11 13:21:26','2020-07-30 17:43:57'),(95,'m','1942-09-14',85,'New Quincyside','Finland','2017-08-07 20:15:16','2020-07-30 17:43:57'),(96,'f','1927-10-27',8,'West Rafaelaborough','Equatorial Guinea','2017-10-05 08:45:42','2020-07-30 17:43:57'),(97,'m','1924-10-25',86,'Jakubowskichester','Saint Martin','2013-11-12 08:03:02','2020-07-30 17:43:57'),(98,'m','1956-06-07',7,'North Dulceland','Guinea','2020-06-22 10:01:01','2020-07-30 17:43:57'),(99,'f','1994-08-27',75,'South Lenniehaven','Malaysia','2019-01-07 10:18:33','2020-07-30 17:43:57'),(100,'m','1961-05-28',54,'South Treyton','Libyan Arab Jamahiriya','2011-02-01 22:53:11','2020-07-30 17:43:57');
/*!40000 ALTER TABLE `profiles` ENABLE KEYS */;
UNLOCK TABLES;

--
-- Table structure for table `users`
--

DROP TABLE IF EXISTS `users`;
/*!40101 SET @saved_cs_client     = @@character_set_client */;
/*!50503 SET character_set_client = utf8mb4 */;
CREATE TABLE `users` (
  `id` int unsigned NOT NULL AUTO_INCREMENT COMMENT '╨Ш╨┤╨╡╨╜╤В╨╕╤Д╨╕╨║╨░╤В╨╛╤А ╤Б╤В╤А╨╛╨║╨╕',
  `first_name` varchar(100) CHARACTER SET utf8 COLLATE utf8_unicode_ci NOT NULL COMMENT '╨Ш╨╝╤П ╨┐╨╛╨╗╤М╨╖╨╛╨▓╨░╤В╨╡╨╗╤П',
  `last_name` varchar(100) CHARACTER SET utf8 COLLATE utf8_unicode_ci NOT NULL COMMENT '╨д╨░╨╝╨╕╨╗╨╕╤П ╨┐╨╛╨╗╤М╨╖╨╛╨▓╨░╤В╨╡╨╗╤П',
  `email` varchar(100) CHARACTER SET utf8 COLLATE utf8_unicode_ci NOT NULL COMMENT '╨Я╨╛╤З╤В╨░',
  `phone` varchar(100) CHARACTER SET utf8 COLLATE utf8_unicode_ci NOT NULL COMMENT '╨в╨╡╨╗╨╡╤Д╨╛╨╜',
  `created_at` datetime DEFAULT CURRENT_TIMESTAMP COMMENT '╨Т╤А╨╡╨╝╤П ╤Б╨╛╨╖╨┤╨░╨╜╨╕╤П ╤Б╤В╤А╨╛╨║╨╕',
  `updated_at` datetime DEFAULT CURRENT_TIMESTAMP ON UPDATE CURRENT_TIMESTAMP COMMENT '╨Т╤А╨╡╨╝╤П ╨╛╨▒╨╜╨╛╨▓╨╗╨╡╨╜╨╕╤П ╤Б╤В╤А╨╛╨║╨╕',
  PRIMARY KEY (`id`),
  UNIQUE KEY `email` (`email`),
  UNIQUE KEY `phone` (`phone`)
) ENGINE=InnoDB AUTO_INCREMENT=101 DEFAULT CHARSET=utf8 COLLATE=utf8_unicode_ci COMMENT='╨Я╨╛╨╗╤М╨╖╨╛╨▓╨░╤В╨╡╨╗╨╕';
/*!40101 SET character_set_client = @saved_cs_client */;

--
-- Dumping data for table `users`
--

LOCK TABLES `users` WRITE;
/*!40000 ALTER TABLE `users` DISABLE KEYS */;
INSERT INTO `users` VALUES (1,'Candido','Gislason','hudson.marcellus@example.org','+85(3)8446569610','2020-06-08 18:08:32','2020-07-07 23:43:30'),(2,'Georgette','Fay','njacobson@example.org','+45(2)1662924498','2014-05-03 13:10:06','2020-04-10 22:39:13'),(3,'Velda','Runte','victor.torp@example.org','08693387201','2016-03-07 22:25:52','2020-05-13 09:38:34'),(4,'Gina','Johns','kterry@example.org','(809)458-2858x195','2011-04-20 00:18:09','2020-05-14 07:04:42'),(5,'Freda','Kihn','cortney.jacobi@example.com','1-966-337-2419x97301','2011-06-11 16:46:04','2019-11-08 22:16:18'),(6,'Julio','Fay','adolf.huels@example.com','218.621.5418','2013-02-11 17:53:01','2020-01-07 12:00:00'),(7,'Ophelia','Herman','gregorio.hamill@example.net','+52(8)4629546555','2013-12-13 12:23:28','2019-09-18 04:53:15'),(8,'Luther','Schmeler','skoch@example.com','150-410-6547x82671','2010-08-08 07:13:59','2020-01-11 21:35:19'),(9,'Soledad','Cruickshank','antonia59@example.com','468.296.3955x914','2012-09-22 02:21:06','2019-11-15 06:14:20'),(10,'Samir','Wiegand','miles.monahan@example.org','1-514-398-6759x5315','2013-05-17 11:51:20','2020-03-17 20:04:28'),(11,'Fletcher','Keebler','pollich.linnea@example.com','914.774.0034x73416','2012-03-28 08:39:20','2019-09-27 21:16:36'),(12,'Celestino','McClure','zroob@example.net','(436)355-2677','2017-07-19 14:57:02','2020-02-29 10:35:05'),(13,'Dock','Runolfsson','powlowski.ansley@example.org','127-884-9044x4353','2017-04-30 03:12:25','2019-12-02 19:20:52'),(14,'Bulah','Beier','tyrique85@example.org','(907)042-3123','2020-06-14 20:22:40','2020-07-30 17:36:02'),(15,'Glen','Emard','lavinia85@example.org','+07(7)4578963977','2018-03-14 07:59:31','2020-01-19 19:55:09'),(16,'Domenic','Murphy','roxanne.ferry@example.org','(720)982-0340x7837','2011-06-23 21:16:05','2019-12-27 10:03:44'),(17,'Violet','Walker','wfisher@example.org','1-359-232-2744x511','2011-05-25 20:27:40','2020-06-18 20:33:53'),(18,'Rene','Jacobson','americo.rath@example.net','252.248.5033x543','2012-08-13 18:45:17','2020-01-26 07:14:03'),(19,'Pattie','King','lkihn@example.net','928-201-9927x71394','2012-01-15 01:28:10','2019-11-30 12:10:28'),(20,'Percival','Kiehn','devante.bernhard@example.com','583.512.7638x189','2014-01-03 04:38:53','2019-12-12 21:59:22'),(21,'Dexter','Torphy','keeling.madge@example.org','(457)055-0617x629','2014-06-20 12:25:45','2019-09-27 04:17:34'),(22,'Nicolette','Mosciski','garret16@example.com','322-229-4850x5347','2016-09-05 13:30:55','2020-07-11 13:52:22'),(23,'Octavia','Spencer','jblock@example.net','1-907-308-6568x705','2017-11-18 03:13:02','2020-02-26 05:51:06'),(24,'Laury','Murazik','giovani10@example.net','(525)700-4742','2016-12-04 05:06:46','2019-09-07 06:35:50'),(25,'Ismael','Shields','whartmann@example.com','+29(8)2782200344','2016-01-28 21:39:40','2020-04-24 10:35:17'),(26,'Katelynn','Klocko','selina26@example.net','848.293.7739x034','2015-08-28 19:07:02','2019-11-14 13:38:28'),(27,'Lucio','Moore','cwitting@example.org','106.881.0576','2015-03-12 21:26:24','2019-09-11 11:54:33'),(28,'Alia','Sporer','wwolf@example.net','(554)055-4816x698','2011-07-08 10:04:23','2020-04-05 12:33:28'),(29,'Linnea','Bosco','wtoy@example.net','(993)044-2497x501','2012-02-14 17:35:57','2019-09-09 05:48:28'),(30,'Vincenzo','Marquardt','ymedhurst@example.com','243.708.7848','2015-09-08 07:04:00','2019-08-02 06:45:46'),(31,'Marisol','Towne','noe.wiegand@example.org','108.808.2434','2014-07-01 21:55:20','2020-07-20 12:00:09'),(32,'Robin','Mayert','blick.reba@example.com','(236)045-3170','2014-08-24 12:13:06','2019-08-08 12:49:22'),(33,'Dashawn','Batz','streich.luther@example.net','(024)020-5250','2013-09-03 21:56:49','2020-06-19 19:01:38'),(34,'Geoffrey','Kautzer','dmiller@example.com','1-038-103-7385','2019-09-04 07:46:25','2019-12-30 19:25:23'),(35,'Titus','Haag','ukautzer@example.net','484.627.9578x5085','2011-03-10 04:42:42','2020-05-12 15:26:49'),(36,'Erna','Schultz','melvina38@example.net','07348565527','2016-04-22 16:46:37','2019-09-14 16:26:56'),(37,'Pierce','Wintheiser','rferry@example.org','04424840205','2018-05-30 23:20:08','2020-01-24 19:55:30'),(38,'Kellen','Schinner','d\'amore.deangelo@example.org','(570)995-8998x3028','2014-11-15 11:34:26','2020-03-05 06:06:09'),(39,'Clinton','Kub','kuvalis.alexis@example.com','1-759-495-4380','2012-09-07 12:09:56','2020-07-13 07:33:35'),(40,'Christa','Cartwright','lila.franecki@example.com','661.845.1188x30559','2019-04-02 09:42:32','2019-11-03 00:43:20'),(41,'Estevan','Sawayn','zkuhn@example.net','639-746-3985x8978','2010-12-21 12:31:10','2020-01-02 08:51:50'),(42,'Andre','Langworth','rath.michel@example.org','161.281.6880','2016-03-01 03:02:38','2019-09-21 14:39:41'),(43,'Joanie','Wisoky','qveum@example.com','1-316-454-2042','2017-03-19 10:50:13','2019-08-09 11:52:18'),(44,'Raul','Hermann','kautzer.virgie@example.com','02610068017','2016-06-25 14:36:13','2020-02-07 06:17:11'),(45,'Meghan','Rohan','candida.hane@example.net','449-163-7436x7813','2011-05-06 06:56:24','2020-06-14 02:13:34'),(46,'Kaya','Schulist','araceli.mayert@example.net','1-136-833-3587x658','2016-12-08 08:06:51','2019-10-24 04:10:41'),(47,'Dante','Cummerata','fhand@example.net','(178)054-9819x733','2017-03-01 23:04:52','2019-12-16 02:52:11'),(48,'Darius','Olson','adrian05@example.com','1-134-280-7553x162','2012-11-05 18:28:31','2019-10-28 14:20:07'),(49,'Helen','Herzog','hzieme@example.net','104-826-5250','2013-11-02 16:04:33','2020-01-28 02:32:46'),(50,'Clarabelle','McClure','dare.treva@example.org','289-953-9878','2011-06-19 19:16:00','2019-12-24 06:26:59'),(51,'Nigel','Bartell','magnolia14@example.com','090.791.0072x5852','2018-03-24 23:00:34','2019-11-23 18:39:29'),(52,'Augustine','Stehr','emelia.hegmann@example.net','1-087-739-7348x490','2020-04-16 01:36:19','2020-07-30 17:36:02'),(53,'Isaias','Brekke','larson.roderick@example.net','+88(5)9851774807','2019-04-18 21:31:40','2020-02-26 23:31:07'),(54,'Regan','Gerhold','aufderhar.brianne@example.com','885-921-0819','2018-06-09 08:00:11','2019-11-01 13:31:13'),(55,'Juliet','Reilly','jacquelyn.rodriguez@example.net','1-626-668-2713x36572','2011-04-10 16:59:47','2020-01-30 06:36:24'),(56,'Daphne','Oberbrunner','floyd.little@example.com','371-221-7965','2016-01-29 00:52:15','2020-03-02 14:22:05'),(57,'Theo','Hyatt','orlo.wiegand@example.net','1-443-509-9494','2018-04-03 03:48:53','2019-09-09 19:03:42'),(58,'Gardner','Leffler','opal.monahan@example.net','(639)311-6672x9094','2015-11-10 19:49:54','2020-02-17 22:58:25'),(59,'Marquis','Waters','rohan.kelly@example.org','936.732.3268','2011-08-05 16:16:05','2020-06-07 02:28:31'),(60,'Loren','Paucek','trantow.chyna@example.net','809.640.6287x44244','2019-02-15 02:35:27','2019-10-16 17:23:14'),(61,'Millie','Halvorson','hyatt.elmira@example.org','975.634.2516','2012-10-23 16:06:39','2020-04-22 14:50:55'),(62,'Charity','Stehr','heller.liza@example.net','1-825-839-5159','2018-03-07 03:24:43','2019-12-23 13:40:02'),(63,'Cydney','Dicki','harris.rodrigo@example.com','559-731-3339x10456','2011-08-19 23:04:57','2020-03-08 07:23:19'),(64,'Antwan','Moore','lukas.friesen@example.org','186-479-5758x28301','2018-01-03 22:27:31','2019-10-01 11:11:29'),(65,'Rebeka','Pfeffer','ibalistreri@example.com','(017)568-6383','2013-11-29 11:25:34','2019-10-16 13:38:28'),(66,'Christophe','Lebsack','adriel.cole@example.com','954.734.9032x9791','2019-01-20 04:59:22','2019-12-11 00:56:45'),(67,'Vernie','Sporer','ogreenfelder@example.net','+92(5)5156794168','2020-03-02 19:12:24','2020-04-25 14:24:50'),(68,'Louie','Predovic','denesik.stuart@example.com','(830)434-1409x6654','2016-07-11 04:59:28','2020-01-08 04:51:03'),(69,'Angel','Turner','do\'reilly@example.net','405-281-1870','2014-01-04 17:36:45','2019-11-23 07:15:15'),(70,'Verlie','Wilkinson','walsh.tavares@example.com','(733)505-2775','2017-05-24 22:53:59','2019-10-10 00:21:01'),(71,'Jason','Rippin','olin.ferry@example.org','1-854-431-1711x319','2019-10-06 06:52:31','2019-12-01 05:14:30'),(72,'Vita','Nienow','paucek.patience@example.com','+86(2)4871235765','2012-02-11 19:41:57','2019-12-26 16:02:47'),(73,'Brianne','Cummings','pinkie16@example.com','481-808-4189','2012-07-03 08:06:30','2020-03-20 09:59:32'),(74,'Lilla','Mitchell','schmeler.deron@example.com','790-661-2406x5230','2010-11-03 07:18:30','2019-10-01 19:46:04'),(75,'Daphnee','Harris','gulgowski.mallory@example.com','(203)102-0437x0015','2012-04-04 14:47:25','2020-06-25 06:08:20'),(76,'Zander','Lockman','bbogan@example.net','(277)707-2478','2011-12-04 04:28:49','2019-10-23 01:34:01'),(77,'Marcelo','Abernathy','herta.cormier@example.net','(480)128-3164x20017','2011-10-07 23:35:21','2019-08-28 16:40:05'),(78,'Lydia','Friesen','cjones@example.net','1-217-321-0772x6742','2010-11-19 22:03:08','2020-01-22 01:07:54'),(79,'Freeda','Quitzon','pstanton@example.org','1-978-237-6573x271','2018-08-06 19:36:54','2020-01-24 02:43:09'),(80,'Twila','Gutmann','tmarvin@example.net','(845)632-4664','2020-01-20 22:21:29','2020-04-24 07:08:14'),(81,'Eleazar','Klocko','yasmine.hagenes@example.net','+55(4)9424111721','2013-09-28 12:55:07','2020-04-08 00:01:11'),(82,'Margarita','Runolfsson','xcormier@example.net','(863)195-5214x3601','2016-04-20 23:12:44','2020-01-11 01:30:41'),(83,'Myriam','Ledner','reilly.harrison@example.com','078-613-3118x88911','2014-02-08 07:52:34','2020-07-15 09:57:32'),(84,'Kianna','Mayer','ryder.jakubowski@example.net','631.700.8622x511','2014-06-28 07:28:22','2019-10-22 04:40:17'),(85,'Clara','Corkery','eli74@example.com','+42(9)2115955123','2018-09-15 18:16:51','2020-03-14 01:54:18'),(86,'Lexi','Friesen','cthompson@example.com','1-813-367-3957','2014-07-23 16:09:25','2020-01-06 11:09:05'),(87,'Gudrun','Johns','price.adrien@example.com','304-083-6377x63509','2016-04-09 08:28:17','2019-12-01 23:50:00'),(88,'Halie','Conroy','leffler.lillie@example.org','547.656.2450x14277','2011-08-16 05:49:10','2020-01-18 12:34:03'),(89,'Abner','Kunze','pgreenfelder@example.net','1-655-234-4104x11487','2018-01-06 07:38:57','2020-05-30 22:22:20'),(90,'Martin','Welch','weston.mraz@example.net','176.097.8981x836','2016-07-11 06:40:28','2019-12-08 17:19:22'),(91,'Keanu','Satterfield','haag.cicero@example.com','(929)235-2476x160','2019-08-09 21:13:41','2020-06-19 06:37:51'),(92,'Kim','Murazik','ychamplin@example.net','08952390080','2011-04-02 12:42:53','2020-02-17 07:02:09'),(93,'Brayan','Quitzon','tara.bashirian@example.net','1-079-208-1576x137','2016-11-23 10:37:24','2019-11-19 19:44:31'),(94,'Loma','Purdy','maudie48@example.org','152.008.0540','2015-08-11 22:42:14','2020-07-22 10:36:21'),(95,'Fannie','Leuschke','torphy.noble@example.net','1-533-839-2865','2012-03-16 02:19:31','2019-09-07 11:27:39'),(96,'Bette','Becker','lysanne.mccullough@example.com','(723)202-5723','2016-04-25 09:05:35','2019-11-24 23:09:59'),(97,'Jason','Kris','pfannerstill.leonora@example.net','933.721.1112x653','2016-06-29 19:48:02','2020-02-26 16:38:40'),(98,'Lauretta','Gaylord','mae66@example.com','1-940-594-4794x6173','2011-12-17 21:25:06','2019-12-20 21:43:32'),(99,'Janet','Schaden','walsh.aaron@example.org','1-496-193-6332x185','2014-12-08 17:22:24','2020-06-16 07:47:56'),(100,'Moises','Goldner','kacey43@example.com','174.205.4520x80965','2011-08-19 18:08:29','2019-11-25 21:19:57');
/*!40000 ALTER TABLE `users` ENABLE KEYS */;
UNLOCK TABLES;
/*!40103 SET TIME_ZONE=@OLD_TIME_ZONE */;

/*!40101 SET SQL_MODE=@OLD_SQL_MODE */;
/*!40014 SET FOREIGN_KEY_CHECKS=@OLD_FOREIGN_KEY_CHECKS */;
/*!40014 SET UNIQUE_CHECKS=@OLD_UNIQUE_CHECKS */;
/*!40101 SET CHARACTER_SET_CLIENT=@OLD_CHARACTER_SET_CLIENT */;
/*!40101 SET CHARACTER_SET_RESULTS=@OLD_CHARACTER_SET_RESULTS */;
/*!40101 SET COLLATION_CONNECTION=@OLD_COLLATION_CONNECTION */;
/*!40111 SET SQL_NOTES=@OLD_SQL_NOTES */;

-- Dump completed on 2020-07-30 18:54:40
